XP_027274831,apolipoprotein A-II isoform X2  >ref|XP_027274832.1| apolipoprotein A-II isoform X2  >ref|XP_027295469.1| apolipoprotein A-II isoform X2  >ref|XP_027295470.1| apolipoprotein A-II isoform X2  >gb|EGW08565.1| Apolipoprotein A-II  >gb|ERE74024.1| apolipoprotein A-II-like protein 
XP_051042196,apolipoprotein A-II  >ref|XP_051042198.1| apolipoprotein A-II  >emb|CAH6789467.1| Apoa2 
XP_035301320,apolipoprotein A-II isoform X1  >ref|XP_035314590.1| apolipoprotein A-II isoform X1 
XP_049999012,apolipoprotein A-II  >ref|XP_049999013.1| apolipoprotein A-II 
XP_015347428,apolipoprotein A-II  >ref|XP_015347429.1| apolipoprotein A-II  >ref|XP_026236397.1| apolipoprotein A-II  >ref|XP_026236398.1| apolipoprotein A-II  >ref|XP_027806488.1| apolipoprotein A-II  >ref|XP_046284825.1| apolipoprotein A-II  >ref|XP_046284826.1| apolipoprotein A-II  >gb|KAF7474903.1| apolipoprotein A-II  >gb|KAF7474904.1| apolipoprotein A-II  >emb|VTJ81815.1| Hypothetical predicted protein 
XP_047409430,apolipoprotein A-II  >gb|MBZ3891138.1| Apolipoprotein A-II 
XP_005348852,apolipoprotein A-II  >ref|XP_005348853.1| apolipoprotein A-II  >ref|XP_041499466.1| apolipoprotein A-II-like  >ref|XP_041499467.1| apolipoprotein A-II-like  >ref|XP_041518855.1| apolipoprotein A-II-like  >ref|XP_041518856.1| apolipoprotein A-II-like  >gb|KAH0501792.1| Apolipoprotein A-II 
XP_021576814,apolipoprotein A-II  >gb|KAG3281116.1| apolipoprotein A2 
XP_048308444,apolipoprotein A-II isoform X2 
XP_048308435,apolipoprotein A-II isoform X1 
XP_038205388,apolipoprotein A-II  >ref|XP_038205389.1| apolipoprotein A-II 
XP_025716476,apolipoprotein A-II  >ref|XP_027468347.1| apolipoprotein A-II  >ref|XP_027946770.1| apolipoprotein A-II 
XP_045017063,apolipoprotein A-II 
XP_039102402,"apolipoprotein A-II  >gb|KAF0882349.1| APOA2 protein, partial "
XP_004407970,PREDICTED: apolipoprotein A-II  >sp|P0DM94.1| RecName: Full=Apolipoprotein A-II; Short=Apo-AII; Short=ApoA-II; AltName: Full=Apolipoprotein A2; Contains: RecName: Full=Proapolipoprotein A-II; Short=ProapoA-II; Contains: RecName: Full=Truncated apolipoprotein A-II; Flags: Precursor 
XP_010991344,apolipoprotein A-II  >gb|KAB1260505.1| Apolipoprotein A-II 
XP_021537553,apolipoprotein A-II  >sp|A0A2Y9GES1.1| RecName: Full=Apolipoprotein A-II; Short=Apo-AII; Short=ApoA-II; AltName: Full=Apolipoprotein A2; Contains: RecName: Full=Proapolipoprotein A-II; Short=ProapoA-II; Contains: RecName: Full=Truncated apolipoprotein A-II; Flags: Precursor 
XP_017533646,apolipoprotein A-II  >ref|XP_017533647.1| apolipoprotein A-II  >gb|KAI5940653.1| Apolipoprotein A-II 
XP_034865392,apolipoprotein A-II isoform X3  >ref|XP_034865393.1| apolipoprotein A-II isoform X3  >ref|XP_045732040.1| apolipoprotein A-II isoform X2  >ref|XP_045732041.1| apolipoprotein A-II isoform X2  >sp|P0DTR1.1| RecName: Full=Apolipoprotein A-II; Short=Apo-AII; Short=ApoA-II; AltName: Full=Apolipoprotein A2; Contains: RecName: Full=Proapolipoprotein A-II; Short=ProapoA-II; Contains: RecName: Full=Truncated apolipoprotein A-II; Flags: Precursor 
XP_057626557,apolipoprotein A-II isoform X2 
XP_057626556,apolipoprotein A-II isoform X1 
XP_034865391,apolipoprotein A-II isoform X2  >ref|XP_045732039.1| apolipoprotein A-II isoform X1 
XP_003415061,apolipoprotein A-II  >ref|XP_049731992.1| apolipoprotein A-II 
XP_007945926,apolipoprotein A-II 
XP_027274831,apolipoprotein A-II isoform X2  >ref|XP_027274832.1| apolipoprotein A-II isoform X2  >ref|XP_027295469.1| apolipoprotein A-II isoform X2  >ref|XP_027295470.1| apolipoprotein A-II isoform X2  >gb|EGW08565.1| Apolipoprotein A-II  >gb|ERE74024.1| apolipoprotein A-II-like protein 
XP_051042196,apolipoprotein A-II  >ref|XP_051042198.1| apolipoprotein A-II  >emb|CAH6789467.1| Apoa2 
XP_035301320,apolipoprotein A-II isoform X1  >ref|XP_035314590.1| apolipoprotein A-II isoform X1 
XP_049999012,apolipoprotein A-II  >ref|XP_049999013.1| apolipoprotein A-II 
XP_015347428,apolipoprotein A-II  >ref|XP_015347429.1| apolipoprotein A-II  >ref|XP_026236397.1| apolipoprotein A-II  >ref|XP_026236398.1| apolipoprotein A-II  >ref|XP_027806488.1| apolipoprotein A-II  >ref|XP_046284825.1| apolipoprotein A-II  >ref|XP_046284826.1| apolipoprotein A-II  >gb|KAF7474903.1| apolipoprotein A-II  >gb|KAF7474904.1| apolipoprotein A-II  >emb|VTJ81815.1| Hypothetical predicted protein 
XP_047409430,apolipoprotein A-II  >gb|MBZ3891138.1| Apolipoprotein A-II 
XP_005348852,apolipoprotein A-II  >ref|XP_005348853.1| apolipoprotein A-II  >ref|XP_041499466.1| apolipoprotein A-II-like  >ref|XP_041499467.1| apolipoprotein A-II-like  >ref|XP_041518855.1| apolipoprotein A-II-like  >ref|XP_041518856.1| apolipoprotein A-II-like  >gb|KAH0501792.1| Apolipoprotein A-II 
XP_021576814,apolipoprotein A-II  >gb|KAG3281116.1| apolipoprotein A2 
XP_048308444,apolipoprotein A-II isoform X2 
XP_048308435,apolipoprotein A-II isoform X1 
XP_038205388,apolipoprotein A-II  >ref|XP_038205389.1| apolipoprotein A-II 
XP_025716476,apolipoprotein A-II  >ref|XP_027468347.1| apolipoprotein A-II  >ref|XP_027946770.1| apolipoprotein A-II 
XP_045017063,apolipoprotein A-II 
XP_039102402,"apolipoprotein A-II  >gb|KAF0882349.1| APOA2 protein, partial "
XP_004407970,PREDICTED: apolipoprotein A-II  >sp|P0DM94.1| RecName: Full=Apolipoprotein A-II; Short=Apo-AII; Short=ApoA-II; AltName: Full=Apolipoprotein A2; Contains: RecName: Full=Proapolipoprotein A-II; Short=ProapoA-II; Contains: RecName: Full=Truncated apolipoprotein A-II; Flags: Precursor 
XP_010991344,apolipoprotein A-II  >gb|KAB1260505.1| Apolipoprotein A-II 
XP_021537553,apolipoprotein A-II  >sp|A0A2Y9GES1.1| RecName: Full=Apolipoprotein A-II; Short=Apo-AII; Short=ApoA-II; AltName: Full=Apolipoprotein A2; Contains: RecName: Full=Proapolipoprotein A-II; Short=ProapoA-II; Contains: RecName: Full=Truncated apolipoprotein A-II; Flags: Precursor 
XP_017533646,apolipoprotein A-II  >ref|XP_017533647.1| apolipoprotein A-II  >gb|KAI5940653.1| Apolipoprotein A-II 
XP_034865392,apolipoprotein A-II isoform X3  >ref|XP_034865393.1| apolipoprotein A-II isoform X3  >ref|XP_045732040.1| apolipoprotein A-II isoform X2  >ref|XP_045732041.1| apolipoprotein A-II isoform X2  >sp|P0DTR1.1| RecName: Full=Apolipoprotein A-II; Short=Apo-AII; Short=ApoA-II; AltName: Full=Apolipoprotein A2; Contains: RecName: Full=Proapolipoprotein A-II; Short=ProapoA-II; Contains: RecName: Full=Truncated apolipoprotein A-II; Flags: Precursor 
XP_057626557,apolipoprotein A-II isoform X2 
XP_057626556,apolipoprotein A-II isoform X1 
XP_027274831,apolipoprotein A-II isoform X2  >ref|XP_027274832.1| apolipoprotein A-II isoform X2  >ref|XP_027295469.1| apolipoprotein A-II isoform X2  >ref|XP_027295470.1| apolipoprotein A-II isoform X2  >gb|EGW08565.1| Apolipoprotein A-II  >gb|ERE74024.1| apolipoprotein A-II-like protein 
XP_051042196,apolipoprotein A-II  >ref|XP_051042198.1| apolipoprotein A-II  >emb|CAH6789467.1| Apoa2 
XP_035301320,apolipoprotein A-II isoform X1  >ref|XP_035314590.1| apolipoprotein A-II isoform X1 
XP_049999012,apolipoprotein A-II  >ref|XP_049999013.1| apolipoprotein A-II 
XP_015347428,apolipoprotein A-II  >ref|XP_015347429.1| apolipoprotein A-II  >ref|XP_026236397.1| apolipoprotein A-II  >ref|XP_026236398.1| apolipoprotein A-II  >ref|XP_027806488.1| apolipoprotein A-II  >ref|XP_046284825.1| apolipoprotein A-II  >ref|XP_046284826.1| apolipoprotein A-II  >gb|KAF7474903.1| apolipoprotein A-II  >gb|KAF7474904.1| apolipoprotein A-II  >emb|VTJ81815.1| Hypothetical predicted protein 
XP_047409430,apolipoprotein A-II  >gb|MBZ3891138.1| Apolipoprotein A-II 
XP_005348852,apolipoprotein A-II  >ref|XP_005348853.1| apolipoprotein A-II  >ref|XP_041499466.1| apolipoprotein A-II-like  >ref|XP_041499467.1| apolipoprotein A-II-like  >ref|XP_041518855.1| apolipoprotein A-II-like  >ref|XP_041518856.1| apolipoprotein A-II-like  >gb|KAH0501792.1| Apolipoprotein A-II 
XP_021576814,apolipoprotein A-II  >gb|KAG3281116.1| apolipoprotein A2 
XP_048308444,apolipoprotein A-II isoform X2 
XP_048308435,apolipoprotein A-II isoform X1 
XP_038205388,apolipoprotein A-II  >ref|XP_038205389.1| apolipoprotein A-II 
XP_025716476,apolipoprotein A-II  >ref|XP_027468347.1| apolipoprotein A-II  >ref|XP_027946770.1| apolipoprotein A-II 
XP_045017063,apolipoprotein A-II 
XP_039102402,"apolipoprotein A-II  >gb|KAF0882349.1| APOA2 protein, partial "
XP_004407970,PREDICTED: apolipoprotein A-II  >sp|P0DM94.1| RecName: Full=Apolipoprotein A-II; Short=Apo-AII; Short=ApoA-II; AltName: Full=Apolipoprotein A2; Contains: RecName: Full=Proapolipoprotein A-II; Short=ProapoA-II; Contains: RecName: Full=Truncated apolipoprotein A-II; Flags: Precursor 
XP_010991344,apolipoprotein A-II  >gb|KAB1260505.1| Apolipoprotein A-II 
XP_021537553,apolipoprotein A-II  >sp|A0A2Y9GES1.1| RecName: Full=Apolipoprotein A-II; Short=Apo-AII; Short=ApoA-II; AltName: Full=Apolipoprotein A2; Contains: RecName: Full=Proapolipoprotein A-II; Short=ProapoA-II; Contains: RecName: Full=Truncated apolipoprotein A-II; Flags: Precursor 
XP_017533646,apolipoprotein A-II  >ref|XP_017533647.1| apolipoprotein A-II  >gb|KAI5940653.1| Apolipoprotein A-II 
XP_034865392,apolipoprotein A-II isoform X3  >ref|XP_034865393.1| apolipoprotein A-II isoform X3  >ref|XP_045732040.1| apolipoprotein A-II isoform X2  >ref|XP_045732041.1| apolipoprotein A-II isoform X2  >sp|P0DTR1.1| RecName: Full=Apolipoprotein A-II; Short=Apo-AII; Short=ApoA-II; AltName: Full=Apolipoprotein A2; Contains: RecName: Full=Proapolipoprotein A-II; Short=ProapoA-II; Contains: RecName: Full=Truncated apolipoprotein A-II; Flags: Precursor 
XP_057626557,apolipoprotein A-II isoform X2 
XP_057626556,apolipoprotein A-II isoform X1 
XP_034865391,apolipoprotein A-II isoform X2  >ref|XP_045732039.1| apolipoprotein A-II isoform X1 
XP_003415061,apolipoprotein A-II  >ref|XP_049731992.1| apolipoprotein A-II 
XP_007945926,apolipoprotein A-II 
XP_045839259,apolipoprotein A-II 
KAK2497381,hypothetical protein MC885_010320 
XP_034865390,apolipoprotein A-II isoform X1 
XP_045311246,apolipoprotein A-II isoform X3  >ref|XP_045311247.1| apolipoprotein A-II isoform X3 
XP_006174033,apolipoprotein A-II  >ref|XP_010954000.1| apolipoprotein A-II 
XP_058558349,apolipoprotein A-II  >ref|XP_060500482.1| apolipoprotein A-II 
XP_062959821,apolipoprotein A-II 
XP_007093078,apolipoprotein A-II isoform X2  >ref|XP_049490585.1| apolipoprotein A-II  >sp|P0DM96.1| RecName: Full=Apolipoprotein A-II; Short=Apo-AII; Short=ApoA-II; AltName: Full=Apolipoprotein A2; Contains: RecName: Full=Proapolipoprotein A-II; Short=ProapoA-II; Contains: RecName: Full=Truncated apolipoprotein A-II; Flags: Precursor 
XP_006744469,apolipoprotein A-II isoform X2  >sp|P0DM93.1| RecName: Full=Apolipoprotein A-II; Short=Apo-AII; Short=ApoA-II; AltName: Full=Apolipoprotein A2; Contains: RecName: Full=Proapolipoprotein A-II; Short=ProapoA-II; Contains: RecName: Full=Truncated apolipoprotein A-II; Flags: Precursor  >sp|P0DTR2.1| RecName: Full=Apolipoprotein A-II; Short=Apo-AII; Short=ApoA-II; AltName: Full=Apolipoprotein A2; Contains: RecName: Full=Proapolipoprotein A-II; Short=ProapoA-II; Contains: RecName: Full=Truncated apolipoprotein A-II; Flags: Precursor 
XP_032253146,apolipoprotein A-II 
XP_007112334,apolipoprotein A-II 
XP_030896121,apolipoprotein A-II isoform X1 
XP_042831700,apolipoprotein A-II isoform X1 
XP_036778700,apolipoprotein A-II  >ref|XP_036778701.1| apolipoprotein A-II 
XP_014931714,apolipoprotein A-II  >ref|XP_026904445.1| apolipoprotein A-II  >ref|XP_043424563.1| apolipoprotein A-II  >ref|XP_043424564.1| apolipoprotein A-II  >ref|XP_047696971.1| apolipoprotein A-II isoform X2  >sp|P0DP50.2| RecName: Full=Apolipoprotein A-II; Short=Apo-AII; Short=ApoA-II; AltName: Full=Apolipoprotein A2; Contains: RecName: Full=Proapolipoprotein A-II; Short=ProapoA-II; Contains: RecName: Full=Truncated apolipoprotein A-II; Flags: Precursor 
XP_047696970,apolipoprotein A-II isoform X1 
NP_001300728,apolipoprotein A-II precursor  >ref|XP_025276619.1| apolipoprotein A-II  >ref|XP_055190274.1| apolipoprotein A-II  >sp|E2RAK7.2| RecName: Full=Apolipoprotein A-II; Short=Apo-AII; Short=ApoA-II; AltName: Full=Apolipoprotein A2; Contains: RecName: Full=Proapolipoprotein A-II; Short=ProapoA-II; Contains: RecName: Full=Truncated apolipoprotein A-II; AltName: Full=Apolipoprotein A-II(1-76); Flags: Precursor  >emb|CAD7679916.1| unnamed protein product 
XP_004448390,apolipoprotein A-II  >ref|XP_058165989.1| apolipoprotein A-II 
XP_062049709,apolipoprotein A-II 
XP_006215749,apolipoprotein A-II 
XP_004390224,apolipoprotein A-II 
XP_004688152,PREDICTED: apolipoprotein A-II  >ref|XP_012584425.1| PREDICTED: apolipoprotein A-II 
XP_002715298,apolipoprotein A-II 
XP_035957351,apolipoprotein A-II isoform X2 
XP_003999611,apolipoprotein A-II  >ref|XP_019677853.1| apolipoprotein A-II 
XP_035957350,apolipoprotein A-II isoform X1 
XP_040308321,apolipoprotein A-II  >ref|XP_040308322.1| apolipoprotein A-II 
XP_008578410,PREDICTED: apolipoprotein A-II 
XP_025842176,apolipoprotein A-II  >ref|XP_041578822.1| apolipoprotein A-II 
XP_022346778,apolipoprotein A-II 
XP_047561309,apolipoprotein A-II  >ref|XP_047561310.1| apolipoprotein A-II 
XP_058923644,apolipoprotein A-II 
TFJ98381,B-cell receptor CD22-like 
XP_030157653,apolipoprotein A-II  >ref|XP_030157654.1| apolipoprotein A-II 
XP_028911017,apolipoprotein A-II 
XP_042781609,apolipoprotein A-II isoform X2 
XP_019288805,apolipoprotein A-II isoform X4 
XP_042781608,apolipoprotein A-II isoform X1 
XP_046948924,apolipoprotein A-II 
XP_032705379,apolipoprotein A-II 
XP_001117975,apolipoprotein A-II  >ref|XP_003893015.2| apolipoprotein A-II  >ref|XP_005541251.1| apolipoprotein A-II  >ref|XP_011768466.1| apolipoprotein A-II  >ref|XP_011812962.1| PREDICTED: apolipoprotein A-II  >ref|XP_011812963.1| PREDICTED: apolipoprotein A-II  >ref|XP_011831526.1| PREDICTED: apolipoprotein A-II  >ref|XP_011831534.1| PREDICTED: apolipoprotein A-II  >ref|XP_011922905.1| PREDICTED: apolipoprotein A-II  >ref|XP_017716344.1| PREDICTED: apolipoprotein A-II  >ref|XP_023070082.1| apolipoprotein A-II  >ref|XP_033055681.1| apolipoprotein A-II  >sp|P0DP85.1| RecName: Full=Apolipoprotein A-II; Short=Apo-AII; Short=ApoA-II; AltName: Full=Apolipoprotein A2; Contains: RecName: Full=Proapolipoprotein A-II; Short=ProapoA-II; Contains: RecName: Full=Truncated apolipoprotein A-II; Flags: Precursor  >sp|P0DP86.1| RecName: Full=Apolipoprotein A-II; Short=Apo-AII; Short=ApoA-II; AltName: Full=Apolipoprotein A2; Contains: RecName: Full=Proapolipoprotein A-II; Short=ProapoA-II; Contains: RecName: Full=Truncated apolipoprotein A-II; Flags: Precursor  >sp|P0DP87.1| RecName: Full=Apolipoprotein A-II; Short=Apo-AII; Short=ApoA-II; AltName: Full=Apolipoprotein A2; Contains: RecName: Full=Proapolipoprotein A-II; Short=ProapoA-II; Contains: RecName: Full=Truncated apolipoprotein A-II; Flags: Precursor  >sp|P18656.2| RecName: Full=Apolipoprotein A-II; Short=Apo-AII; Short=ApoA-II; AltName: Full=Apolipoprotein A2; Contains: RecName: Full=Proapolipoprotein A-II; Short=ProapoA-II; Contains: RecName: Full=Truncated apolipoprotein A-II; Flags: Precursor  >gb|EHH15444.1| hypothetical protein EGK_01534  >gb|EHH50465.1| hypothetical protein EGM_01298  >emb|CAA48420.1| apolipoprotein A-II 
XP_025210440,apolipoprotein A-II  >ref|XP_025210447.1| apolipoprotein A-II 
XP_005677218,PREDICTED: apolipoprotein A-II 
XP_038624812,apolipoprotein A-II 
XP_010365434,apolipoprotein A-II 
XP_004002742,apolipoprotein A-II  >gb|KAG5215523.1| hypothetical protein JEQ12_001099  >gb|KAI4548740.1| hypothetical protein MG293_001070  >gb|KAI4579444.1| hypothetical protein MJT46_000812  >gb|KAI4590516.1| hypothetical protein MJG53_001565 
XP_055257376,apolipoprotein A-II 
XP_040085971,apolipoprotein A-II 
XP_052494175,apolipoprotein A-II 
XP_020827748,apolipoprotein A-II 
VFV31160,"apolipoprotein a-ii, partial "
XP_029791617,apolipoprotein A-II isoform X2 
XP_020762724,apolipoprotein A-II 
XP_007974599,apolipoprotein A-II  >sp|P0DP84.1| RecName: Full=Apolipoprotein A-II; Short=Apo-AII; Short=ApoA-II; AltName: Full=Apolipoprotein A2; Contains: RecName: Full=Proapolipoprotein A-II; Short=ProapoA-II; Contains: RecName: Full=Truncated apolipoprotein A-II; Flags: Precursor 
XP_061041797,apolipoprotein A-II 
XP_008056089,apolipoprotein A-II 
XP_005087845,apolipoprotein A-II  >ref|XP_012981943.1| apolipoprotein A-II  >ref|XP_040593135.1| apolipoprotein A-II  >ref|XP_040593136.1| apolipoprotein A-II  >ref|XP_040593138.1| apolipoprotein A-II 
XP_029791616,apolipoprotein A-II isoform X1 
XP_053464207,apolipoprotein A-II 
CAI9151162,unnamed protein product  >emb|CAI9691514.1| unnamed protein product 
XP_043302053,apolipoprotein A-II  >ref|XP_043732744.1| apolipoprotein A-II  >ref|XP_060976274.1| apolipoprotein A-II 
XP_050615905,apolipoprotein A-II 
XP_051004220,apolipoprotein A-II 
XP_003466639,apolipoprotein A-II 
XP_003258803,apolipoprotein A-II  >ref|XP_032017082.1| apolipoprotein A-II 
XP_006861735,PREDICTED: apolipoprotein A-II 
XP_055469229,apolipoprotein A-II 
XP_059933662,apolipoprotein A-II 
KAB0393460,hypothetical protein E2I00_002924 
XP_037005745,apolipoprotein A-II isoform X6  >ref|XP_037005746.2| apolipoprotein A-II isoform X6  >ref|XP_053515360.1| apolipoprotein A-II isoform X6 
XP_023366517,apolipoprotein A-II  >ref|XP_023366518.1| apolipoprotein A-II 
XP_005909271,PREDICTED: apolipoprotein A-II  >ref|XP_006048532.1| apolipoprotein A-II isoform X1  >ref|XP_006048533.1| apolipoprotein A-II isoform X1  >ref|XP_010831988.1| PREDICTED: apolipoprotein A-II  >ref|XP_055443327.1| apolipoprotein A-II isoform X2  >ref|XP_055443329.1| apolipoprotein A-II isoform X2  >ref|XP_055443330.1| apolipoprotein A-II isoform X2  >ref|XP_061256623.1| apolipoprotein A-II  >gb|ELR46502.1| Apolipoprotein A-II  >gb|MXQ97516.1| hypothetical protein 
XP_039369398,apolipoprotein A-II  >ref|XP_039369399.1| apolipoprotein A-II 
XP_004640031,apolipoprotein A-II  >ref|XP_023555576.1| apolipoprotein A-II 
XP_059758875,apolipoprotein A-II 
MBW01383,Apolipoprotein A-II 
XP_040859233,apolipoprotein A-II 
XP_037005743,apolipoprotein A-II isoform X5 
NP_001158123,apolipoprotein A-II precursor  >ref|XP_054353377.1| apolipoprotein A-II  >gb|ACR83521.1| apolipoprotein A-II  >gb|PNJ57117.1| APOA2 isoform 4  >gb|PNJ57121.1| APOA2 isoform 9 
XP_037362521,apolipoprotein A-II  >ref|XP_037362523.1| apolipoprotein A-II  >ref|XP_037362524.1| apolipoprotein A-II  >ref|XP_037362525.1| apolipoprotein A-II  >ref|XP_037362526.1| apolipoprotein A-II  >ref|XP_037362527.1| apolipoprotein A-II  >ref|XP_037362529.1| apolipoprotein A-II  >ref|XP_054549505.1| apolipoprotein A-II 
XP_059001060,apolipoprotein A-II 
XP_047640041,apolipoprotein A-II 
XP_032621031,apolipoprotein A-II  >ref|XP_032621032.1| apolipoprotein A-II 
XP_034376176,apolipoprotein A-II  >ref|XP_034376177.1| apolipoprotein A-II  >ref|XP_034376178.1| apolipoprotein A-II  >ref|XP_034376179.1| apolipoprotein A-II  >ref|XP_034376180.1| apolipoprotein A-II 
XP_021502807,apolipoprotein A-II  >ref|XP_021502808.1| apolipoprotein A-II 
XP_044847254,apolipoprotein A-II  >ref|XP_044847255.1| apolipoprotein A-II  >gb|KAH1180068.1| hypothetical protein KIL84_006118 
XP_031245072,apolipoprotein A-II 
XP_030698062,apolipoprotein A-II 
XP_053515359,apolipoprotein A-II isoform X4 
NP_001173223,apolipoprotein A-II precursor 
XP_019488666,PREDICTED: apolipoprotein A-II 
XP_044531773,apolipoprotein A-II  >ref|XP_044531774.1| apolipoprotein A-II 
XP_007485040,apolipoprotein A-II 
XP_007467196,PREDICTED: apolipoprotein A-II 
XP_007171767,apolipoprotein A-II 
XP_022415179,apolipoprotein A-II  >ref|XP_029086789.1| apolipoprotein A-II  >gb|TKC35163.1| hypothetical protein EI555_009159 
XP_045403136,apolipoprotein A-II 
NP_001039381,apolipoprotein A-II precursor  >ref|XP_019842902.1| PREDICTED: apolipoprotein A-II  >ref|XP_027383590.1| apolipoprotein A-II  >sp|P81644.2| RecName: Full=Apolipoprotein A-II; Short=Apo-AII; Short=ApoA-II; AltName: Full=Antimicrobial peptide BAMP-1; AltName: Full=Apolipoprotein A2; Contains: RecName: Full=Proapolipoprotein A-II; Short=ProapoA-II; Contains: RecName: Full=Truncated apolipoprotein A-II; AltName: Full=Apolipoprotein A-II(1-76); Flags: Precursor  >gb|AAI11608.1| Apolipoprotein A-II  >tpg|DAA31962.1| TPA: apolipoprotein A-II precursor 
XP_001503846,apolipoprotein A-II  >ref|XP_008532088.1| PREDICTED: apolipoprotein A-II  >ref|XP_046539902.1| apolipoprotein A-II 
XP_021502807,apolipoprotein A-II isoform X2  >ref|XP_021502808.2| apolipoprotein A-II isoform X2  >ref|XP_060220651.1| apolipoprotein A-II isoform X2 
PNJ57120,"APOA2 isoform 7, partial "
XP_036690468,apolipoprotein A-II 
XP_038239262,apolipoprotein A-II 
XP_014691000,apolipoprotein A-II 
XP_048212478,apolipoprotein A-II 
XP_004858718,apolipoprotein A-II  >sp|G5BWH8.1| RecName: Full=Apolipoprotein A-II; Short=Apo-AII; Short=ApoA-II; AltName: Full=Apolipoprotein A2; Contains: RecName: Full=Proapolipoprotein A-II; Short=ProapoA-II; Contains: RecName: Full=Truncated apolipoprotein A-II; Flags: Precursor  >gb|EHB13639.1| Apolipoprotein A-II 
NP_001292478,"apolipoprotein A-II preproprotein  >ref|NP_001292479.1| apolipoprotein A-II preproprotein  >ref|NP_001292514.1| apolipoprotein A-II preproprotein  >ref|NP_038502.2| apolipoprotein A-II preproprotein  >sp|P09813.2| RecName: Full=Apolipoprotein A-II; Short=Apo-AII; Short=ApoA-II; AltName: Full=Apolipoprotein A2; Contains: RecName: Full=Proapolipoprotein A-II; Short=ProapoA-II; Flags: Precursor  >gb|AAA37249.1| apolipoprotein A-II  >gb|EDL39118.1| apolipoprotein A-II, isoform CRA_a  >gb|EDL39119.1| apolipoprotein A-II, isoform CRA_a  >gb|EDL39120.1| apolipoprotein A-II, isoform CRA_a  >gb|EDL39121.1| apolipoprotein A-II, isoform CRA_a "
XP_005400327,PREDICTED: apolipoprotein A-II 
XP_030398013,apolipoprotein A-II  >ref|XP_030398014.1| apolipoprotein A-II  >ref|XP_030398015.1| apolipoprotein A-II  >ref|XP_030398016.1| apolipoprotein A-II  >ref|XP_050785959.1| apolipoprotein A-II  >ref|XP_050785961.1| apolipoprotein A-II  >ref|XP_050785962.1| apolipoprotein A-II  >ref|XP_050785963.1| apolipoprotein A-II 
XP_004716619,apolipoprotein A-II 
XP_060220650,apolipoprotein A-II isoform X1 
XP_045311244,nuclear receptor subfamily 1 group I member 3 isoform X1 
XP_024059948,apolipoprotein A-II-like 
ABV02576,apolipoprotein A-II 
XP_058601649,type-4 ice-structuring protein LS-12-like 
XP_043116229,type-4 ice-structuring protein LS-12-like 
PNI19858,APOA2 isoform 4 
KAF5918307,hypothetical protein HPG69_006090 
XP_005293843,apolipoprotein A-II  >ref|XP_034612724.1| apolipoprotein A-II 
CAA44616,apolipoprotein A-II 
XP_053866791,apolipoprotein A-II 
KAJ1064387,hypothetical protein K5549_014801 
PNI19862,"APOA2 isoform 9, partial "
XP_002760286,apolipoprotein A-II 
XP_012305035,apolipoprotein A-II  >gb|KAK2084551.1| Apolipoprotein A-II 
XP_014635176,PREDICTED: apolipoprotein A-II 
XP_012886032,PREDICTED: apolipoprotein A-II  >ref|XP_042537990.1| apolipoprotein A-II 
XP_021053352,apolipoprotein A-II  >ref|XP_021053354.1| apolipoprotein A-II 
TEA38071,hypothetical protein DBR06_SOUSAS27910067 
XP_004284522,apolipoprotein A-II  >ref|XP_026951118.1| apolipoprotein A-II 
XP_059136950,apolipoprotein A-II 
P0DJD2,RecName: Full=Apolipoprotein A-II; Short=Apo-AII; Short=ApoA-II; AltName: Full=Apolipoprotein A2; Contains: RecName: Full=Proapolipoprotein A-II; Short=ProapoA-II; Flags: Precursor 
KAI2520077,"apolipoprotein A2, partial  >gb|KAI4083603.1| apolipoprotein A2, partial "
CAA28583,apolipoprotein 
P0DN36,RecName: Full=Apolipoprotein A-II; Short=Apo-AII; Short=ApoA-II; AltName: Full=Apolipoprotein A2; Contains: RecName: Full=Proapolipoprotein A-II; Short=ProapoA-II; Contains: RecName: Full=Truncated apolipoprotein A-II; Flags: Precursor 
NP_001634,"apolipoprotein A-II preproprotein  >ref|XP_004027815.1| apolipoprotein A-II  >sp|P02652.1| RecName: Full=Apolipoprotein A-II; Short=Apo-AII; Short=ApoA-II; AltName: Full=Apolipoprotein A2; Contains: RecName: Full=Proapolipoprotein A-II; Short=ProapoA-II; Contains: RecName: Full=Truncated apolipoprotein A-II; AltName: Full=Apolipoprotein A-II(1-76); Flags: Precursor  >sp|P0DJG2.1| RecName: Full=Apolipoprotein A-II; Short=Apo-AII; Short=ApoA-II; AltName: Full=Apolipoprotein A2; Contains: RecName: Full=Proapolipoprotein A-II; Short=ProapoA-II; Contains: RecName: Full=Truncated apolipoprotein A-II; Flags: Precursor  >gb|AAX42002.1| apolipoprotein A-II  >emb|SJX24658.1| unnamed protein product, partial  >gb|AAA51701.1| apolipoprotein A-II  >gb|AAH05282.1| Apolipoprotein A-II  >gb|AAM49807.1| apolipoprotein AII "
AAA37248,apolipoprotein A-II 
XP_059997835,apolipoprotein A-II 
XP_028715918,apolipoprotein A-II  >ref|XP_028715919.1| apolipoprotein A-II 
XP_059424449,type-4 ice-structuring protein LS-12-like 
XP_026140904,type-4 ice-structuring protein LS-12-like  >ref|XP_052433641.1| type-4 ice-structuring protein LS-12 
XP_016137556,PREDICTED: type-4 ice-structuring protein LS-12-like 
PNI19861,APOA2 isoform 7 
XP_003938035,apolipoprotein A-II 
XP_044122175,apolipoprotein A-II isoform X2 
NP_001008976,apolipoprotein A-II precursor  >ref|XP_009431992.4| apolipoprotein A-II isoform X1  >ref|XP_054968362.1| apolipoprotein A-II  >sp|P0DM95.1| RecName: Full=Apolipoprotein A-II; Short=Apo-AII; Short=ApoA-II; AltName: Full=Apolipoprotein A2; Contains: RecName: Full=Proapolipoprotein A-II; Short=ProapoA-II; Contains: RecName: Full=Truncated apolipoprotein A-II; Flags: Precursor  >sp|Q8MIQ5.1| RecName: Full=Apolipoprotein A-II; Short=Apo-AII; Short=ApoA-II; AltName: Full=Apolipoprotein A2; Contains: RecName: Full=Proapolipoprotein A-II; Short=ProapoA-II; Contains: RecName: Full=Truncated apolipoprotein A-II; Flags: Precursor  >gb|AAM49808.1| apolipoprotein AII 
OBS82765,hypothetical protein A6R68_23252 
XP_039540404,type-4 ice-structuring protein LS-12-like  >ref|XP_039540563.1| type-4 ice-structuring protein LS-12-like  >ref|XP_056098973.1| type-4 ice-structuring protein LS-12-like  >ref|XP_056098974.1| type-4 ice-structuring protein LS-12-like  >gb|KAG1943873.1| antifreeze protein type IV  >gb|KAG1943874.1| antifreeze protein type IV  >gb|KAG1943875.1| antifreeze protein type IV  >gb|KAG1943876.1| antifreeze protein type IV  >gb|KAG1943877.1| antifreeze protein type IV 
XP_036058818,apolipoprotein A-II  >ref|XP_036058819.1| apolipoprotein A-II 
XP_052055813,apolipoprotein A-II 
AAA37250,apolipoprotein A-II  >gb|AAB35391.1| APOAII  >gb|AAH31786.1| Apolipoprotein A-II  >emb|CAA27731.1| unnamed protein product 
XP_048010051,type-4 ice-structuring protein LS-12-like 
XP_036890925,apolipoprotein A-II isoform X2  >ref|XP_036890926.1| apolipoprotein A-II isoform X2  >ref|XP_036890927.1| apolipoprotein A-II isoform X2  >ref|XP_036890928.1| apolipoprotein A-II isoform X2  >ref|XP_036890929.1| apolipoprotein A-II isoform X2 
KAI2520072,apolipoprotein A2  >gb|KAI4083602.1| apolipoprotein A2 
XP_004775983,apolipoprotein A-II 
XP_012495029,PREDICTED: apolipoprotein A-II  >ref|XP_012495030.1| PREDICTED: apolipoprotein A-II 
XP_016394153,PREDICTED: type-4 ice-structuring protein LS-12-like 
XP_051722516,type-4 ice-structuring protein LS-12-like 
XP_016391861,PREDICTED: type-4 ice-structuring protein LS-12-like 
XP_053764903,nuclear receptor subfamily 1 group I member 3 isoform X1 
XP_032116841,apolipoprotein A-II 
XP_053515358,apolipoprotein A-II isoform X3 
XP_044122174,apolipoprotein A-II isoform X1 
XP_006990697,apolipoprotein A-II  >ref|XP_015864381.1| apolipoprotein A-II  >ref|XP_042114518.1| apolipoprotein A-II 
XP_051722517,type-4 ice-structuring protein LS-12-like  >ref|XP_051722518.1| type-4 ice-structuring protein LS-12-like  >ref|XP_051722519.1| type-4 ice-structuring protein LS-12-like 
XP_018975178,type-4 ice-structuring protein LS-12-like 
XP_058603447,type-4 ice-structuring protein LS-12-like 
XP_059424450,antifreeze protein type IV 
XP_043116230,type-4 ice-structuring protein LS-12-like 
XP_006895613,PREDICTED: apolipoprotein A-II 
ROL41425,Type-4 ice-structuring protein LS-12 
XP_016137557,PREDICTED: apolipoprotein A-II 
ROL41426,Type-4 ice-structuring protein LS-12 
XP_036890924,apolipoprotein A-II isoform X1 
XP_015441675,apolipoprotein A-II  >gb|ELK16368.1| Apolipoprotein A-II 
XP_007070011,apolipoprotein A-II  >ref|XP_048684690.1| apolipoprotein A-II 
XP_033703901,apolipoprotein A-II  >ref|XP_059888977.1| apolipoprotein A-II 
XP_024613329,apolipoprotein A-II 
AHZ08737,type IV antifreeze protein A 
XP_051576023,antifreeze protein type IV 
XP_052433640,type-4 ice-structuring protein LS-12-like 
XP_037681442,apolipoprotein A-II  >ref|XP_037681443.1| apolipoprotein A-II  >ref|XP_037681444.1| apolipoprotein A-II 
XP_032173902,apolipoprotein A-II 
XP_016341394,PREDICTED: type-4 ice-structuring protein LS-12-like 
XP_016319819,PREDICTED: type-4 ice-structuring protein LS-12-like 
XP_004589167,apolipoprotein A-II 
XP_032504589,apolipoprotein A-II 
KAK2903553,hypothetical protein Q8A67_008266 
NP_001038953,antifreeze protein type IV precursor  >gb|AAI33823.1| Zgc:161979  >gb|AAR05095.1| type IV antifreeze protein precursor  >gb|AHZ08736.1| type IV antifreeze protein A 
XP_016394094,PREDICTED: type-4 ice-structuring protein LS-12-like 
XP_052475429,type-4 ice-structuring protein LS-12 
XP_059364799,type-4 ice-structuring protein LS-12-like  >ref|XP_059364800.1| type-4 ice-structuring protein LS-12-like 
XP_020363114,type-4 ice-structuring protein LS-12-like isoform X2 
KAB0357780,hypothetical protein FD754_001936 
XP_036621958,apolipoprotein A-II 
KAG6922620,apolipoprotein A2 
AAR12991,embryogenesis regulator 
XP_048010048,type-4 ice-structuring protein LS-12-like isoform X1 
XP_045694639,apolipoprotein A-II 
XP_026139076,type-4 ice-structuring protein LS-12-like 
XP_020363107,type-4 ice-structuring protein LS-12-like isoform X1 
KAF6292405,apolipoprotein A2 
XP_017370593,apolipoprotein A-II 
XP_043860493,apolipoprotein A-II 
XP_053515356,apolipoprotein A-II isoform X1 
XP_052475431,type-4 ice-structuring protein LS-12 
XP_051575445,type-4 ice-structuring protein LS-12-like 
XP_042629090,type-4 ice-structuring protein LS-12-like 
XP_016391862,PREDICTED: type-4 ice-structuring protein LS-12-like 
XP_050988030,type-4 ice-structuring protein LS-12-like 
XP_016341396,PREDICTED: type-4 ice-structuring protein LS-12-like 
XP_018975177,type-4 ice-structuring protein LS-12 
XP_026083423,type-4 ice-structuring protein LS-12-like 
XP_035871443,apolipoprotein A-II isoform X2  >gb|KAF6073909.1| apolipoprotein A2 
XP_021449847,type-4 ice-structuring protein LS-12  >ref|XP_024251347.1| type-4 ice-structuring protein LS-12  >ref|XP_035606857.1| type-4 ice-structuring protein LS-12-like isoform X2  >ref|XP_046170264.1| type-4 ice-structuring protein LS-12-like isoform X2 
XP_029593112,type-4 ice-structuring protein LS-12-like 
KAF4102801,hypothetical protein G5714_015684 
KAF4102801,hypothetical protein G5714_015684 
XP_052592584,apolipoprotein A-II  >ref|XP_052592585.1| apolipoprotein A-II 
XP_056331727,antifreeze protein type IV 
XP_052000799,antifreeze protein type IV 
XP_036128968,apolipoprotein A-II isoform X2  >gb|KAF6412678.1| apolipoprotein A2 
XP_035606856,type-4 ice-structuring protein LS-12-like isoform X1  >ref|XP_046170263.1| type-4 ice-structuring protein LS-12-like isoform X1 
XP_032948812,apolipoprotein A-II  >ref|XP_032948813.1| apolipoprotein A-II  >ref|XP_032948814.1| apolipoprotein A-II 
XP_003769682,apolipoprotein A-II  >ref|XP_023359143.1| apolipoprotein A-II 
XP_028643596,apolipoprotein A-II  >ref|XP_028643597.1| apolipoprotein A-II 
XP_010614907,apolipoprotein A-II  >gb|KFO18120.1| Apolipoprotein A-II 
XP_020029917,apolipoprotein A-II 
XP_016319786,PREDICTED: type-4 ice-structuring protein LS-12-like 
XP_059364801,type-4 ice-structuring protein LS-12-like 
AJG06056,"hypothetical protein Zgc:161979, partial "
XP_027710598,apolipoprotein A-II  >ref|XP_027710599.1| apolipoprotein A-II 
XP_057585702,apolipoprotein A-II 
XP_051854205,apolipoprotein A-II 
KTF80620,hypothetical protein cypCar_00017119 
KTF80620,hypothetical protein cypCar_00017119 
XP_048010049,type-4 ice-structuring protein LS-12-like isoform X2 
XP_024407858,apolipoprotein A-II  >ref|XP_053771693.1| apolipoprotein A-II 
KAB0385150,hypothetical protein FD755_000106 
KAF6073910,apolipoprotein A2 
XP_008698873,apolipoprotein A-II 
KAK2903552,hypothetical protein Q8A67_008265 
XP_016137080,PREDICTED: type-4 ice-structuring protein LS-12-like 
XP_023836452,type-4 ice-structuring protein LS-12  >ref|XP_038833036.1| type-4 ice-structuring protein LS-12-like  >ref|XP_055760271.1| type-4 ice-structuring protein LS-12-like 
EFB27731,"hypothetical protein PANDA_018831, partial "
CDQ73735,unnamed protein product 
XP_035286218,type-4 ice-structuring protein LS-12-like  >gb|KAG5843040.1| hypothetical protein ANANG_G00184270 
XP_016137079,PREDICTED: type-4 ice-structuring protein LS-12-like 
TRY55306,"hypothetical protein DNTS_013461, partial "
XP_041708723,antifreeze protein type IV 
XP_055781789,type-4 ice-structuring protein LS-12-like 
CDQ69682,unnamed protein product 
XP_011234954,apolipoprotein A-II 
XP_053560465,apolipoprotein A-II 
XP_028359320,apolipoprotein A-II isoform X1  >gb|KAF6073911.1| apolipoprotein A2 
XP_055066776,type-4 ice-structuring protein LS-12-like 
XP_014019752,antifreeze protein type IV  >gb|ACI68824.1| Type-4 ice-structuring protein LS-12 precursor  >gb|ADM16291.1| Type-4 ice-structuring protein LS-12 precursor 
XP_029481439,type-4 ice-structuring protein LS-12-like 
XP_024241642,type-4 ice-structuring protein LS-12 
XP_020353702,type-4 ice-structuring protein LS-12-like 
XP_012624036,apolipoprotein A-II  >ref|XP_012624037.1| apolipoprotein A-II 
XP_039695817,apolipoprotein A-II 
KTG16022,hypothetical protein cypCar_00017344 
XP_023844908,type-4 ice-structuring protein LS-12 
XP_021415282,type-4 ice-structuring protein LS-12 
XP_038849068,type-4 ice-structuring protein LS-12-like 
XP_029595471,type-4 ice-structuring protein LS-12-like 
CAH2327258,Hypothetical predicted protein 
XP_055993780,apolipoprotein A-II 
XP_021032840,apolipoprotein A-II  >ref|XP_021032849.1| apolipoprotein A-II 
KAA0702725,hypothetical protein E1301_Tti011189 
XP_028281910,type-4 ice-structuring protein LS-12-like 
XP_026343129,apolipoprotein A-II 
XP_008846208,apolipoprotein A-II  >ref|XP_017657401.1| apolipoprotein A-II 
OWK05347,APOA2 
KAG9335694,hypothetical protein JZ751_004347  >gb|KAI1902379.1| hypothetical protein AGOR_G00044160 
NP_037244,"apolipoprotein A-II preproprotein  >ref|XP_006250300.1| apolipoprotein A-II isoform X1  >ref|XP_006250301.1| apolipoprotein A-II isoform X1  >sp|P04638.1| RecName: Full=Apolipoprotein A-II; Short=Apo-AII; Short=ApoA-II; AltName: Full=Apolipoprotein A2; Contains: RecName: Full=Proapolipoprotein A-II; Short=ProapoA-II; Flags: Precursor  >gb|EDL94610.1| apolipoprotein A-II, isoform CRA_a  >gb|EDL94611.1| apolipoprotein A-II, isoform CRA_a  >emb|CAA27185.1| unnamed protein product "
XP_011375313,LOW QUALITY PROTEIN: apolipoprotein A-II 
XP_056331729,type-4 ice-structuring protein LS-12 
XP_045640343,apolipoprotein A-II 
XP_056617770,type-4 ice-structuring protein LS-12-like 
XP_035601815,type-4 ice-structuring protein LS-12-like 
XP_019568511,PREDICTED: apolipoprotein A-II  >ref|XP_019568512.1| PREDICTED: apolipoprotein A-II 
XP_036371483,type-4 ice-structuring protein LS-12-like 
XP_006163183,apolipoprotein A-II  >gb|ELV13288.1| Apolipoprotein A-II 
XP_036414533,type-4 ice-structuring protein-like 
CAB1333383,unnamed protein product 
KAI2654929,Type-4 ice-structuring protein LS-12 
KAI2654929,Type-4 ice-structuring protein LS-12 
XP_059574785,apolipoprotein A-II 
XP_025050470,apolipoprotein A-II-like 
KAI5164702,Apolipoprotein A-Ii 
KYO19498,apolipoprotein A-II 
TRY55305,"hypothetical protein DNTS_013461, partial "
TRY55305,"hypothetical protein DNTS_013461, partial "
XP_014056236,type-4 ice-structuring protein LS-12  >gb|ACM09492.1| Type-4 ice-structuring protein LS-12 precursor 
KAG7457579,hypothetical protein MATL_G00228730 
XP_056617769,type-4 ice-structuring protein LS-12-like isoform X2 
XP_017564189,type-4 ice-structuring protein-like 
XP_057195281,type-4 ice-structuring protein LS-12-like  >ref|XP_057195282.1| type-4 ice-structuring protein LS-12-like 
KAJ8336390,hypothetical protein SKAU_G00376100 
KAI7806215,embryogenesis regulator 
XP_055067390,type-4 ice-structuring protein LS-12-like 
XP_032770941,apolipoprotein A-II  >ref|XP_032770942.1| apolipoprotein A-II 
XP_056617768,type-4 ice-structuring protein LS-12-like isoform X1 
XP_042295996,apolipoprotein A-II 
XP_049438914,antifreeze protein type IV  >ref|XP_049902257.1| antifreeze protein type IV 
NP_001373278,type-4 ice-structuring protein LS-12 precursor 
XP_059269938,apolipoprotein A-II 
KAA0702724,hypothetical protein E1301_Tti011190 
XP_044063730,type-4 ice-structuring protein LS-12-like 
XP_051575446,type-4 ice-structuring protein LS-12-like 
XP_039662832,type-4 ice-structuring protein LS-12-like 
XP_054443562,apolipoprotein A-II 
XP_004613952,apolipoprotein A-II  >ref|XP_054978685.1| apolipoprotein A-II 
XP_060614276,apolipoprotein A-II 
XP_034729219,type-4 ice-structuring protein LS-12-like 
XP_031135425,type-4 ice-structuring protein LS-12-like 
KAJ8273764,hypothetical protein GJAV_G00105270 
XP_006115258,apolipoprotein A-II 
XP_033495864,antifreeze protein type IV 
MEE6491623,hypothetical protein 
KAF1388354,hypothetical protein PFLUV_G00089320 
XP_028437110,type-4 ice-structuring protein LS-12-like  >ref|XP_028437111.1| type-4 ice-structuring protein LS-12-like  >gb|TDH11407.1| hypothetical protein EPR50_G00060430 
XP_029537387,type-4 ice-structuring protein LS-12-like 
XP_042280736,type-4 ice-structuring protein LS-12-like  >ref|XP_044215525.1| type-4 ice-structuring protein LS-12-like 
XP_047213256,type-4 ice-structuring protein LS-12-like 
MED6247981,hypothetical protein 
KAF4021120,hypothetical protein G4228_013757 
XP_029928537,type-4 ice-structuring protein LS-12-like 
XP_007242210,type-4 ice-structuring protein LS-12 
XP_015228760,PREDICTED: type-4 ice-structuring protein LS-12-like 
XP_023600370,LOW QUALITY PROTEIN: apolipoprotein A-II 
XP_035427570,apolipoprotein A-II  >ref|XP_040394750.1| apolipoprotein A-II isoform X2 
XP_014845317,PREDICTED: type-4 ice-structuring protein LS-12-like 
XP_007570597,PREDICTED: type-4 ice-structuring protein LS-12-like 
XP_047911453,apolipoprotein A-II  >ref|XP_047911454.1| apolipoprotein A-II 
MED6289480,hypothetical protein 
XP_035465125,type-4 ice-structuring protein LS-12  >gb|AWP15625.1| putative type-4 ice-structuring protein LS-12-like 
XP_043972489,antifreeze protein type IV  >gb|PWA24939.1| hypothetical protein CCH79_00015476 
KAB5532863,hypothetical protein PHYPO_G00125030 
AAC60284,FR10 
XP_032374977,type-4 ice-structuring protein LS-12-like 
XP_018555510,antifreeze protein type IV 
GLD53136,type-4 ice-structuring protein LS-12-like protein 
XP_026780496,type-4 ice-structuring protein LS-12 
KAI3361333,"hypothetical protein L3Q82_013512, partial "
XP_040268376,apolipoprotein A-II-like 
KAJ8372477,hypothetical protein AAFF_G00289220 
XP_004078423,type-4 ice-structuring protein LS-12 
XP_051262192,antifreeze protein type IV 
PNJ57122,"APOA2 isoform 10, partial "
XP_029882114,apolipoprotein A-II-like 
XP_026869406,antifreeze protein type IV 
XP_058232808,type-4 ice-structuring protein LS-12-like  >gb|KAG7318008.1| hypothetical protein KOW79_019043 
XP_023686270,apolipoprotein A-II 
PNJ57119,APOA2 isoform 6 
XP_046158149,type-4 ice-structuring protein LS-12-like 
XP_010870274,apolipoprotein A-IV  >ref|XP_010870275.1| apolipoprotein A-IV 
XP_035528945,type-4 ice-structuring protein LS-12-like 
XP_006643008,PREDICTED: type-4 ice-structuring protein LS-12-like 
XP_052653886,apolipoprotein A-II-like 
KAG9283700,type-4 ice-structuring protein LS-12-like 
KAF0031759,hypothetical protein F2P81_016314 
MCI4391184,hypothetical protein 
KAG9345273,hypothetical protein JZ751_009819 
XP_038161250,antifreeze protein type IV 
XP_022602148,type-4 ice-structuring protein LS-12-like  >ref|XP_023262900.1| type-4 ice-structuring protein LS-12-like  >ref|XP_056235792.1| type-4 ice-structuring protein LS-12-like 
XP_022046149,type-4 ice-structuring protein-like 
XP_059688397,apolipoprotein A-II-like 
KAI7806492,embryogenesis regulator 
MBN3313543,AFP4 protein 
XP_014899364,PREDICTED: type-4 ice-structuring protein LS-12-like 
KAA8591837,"hypothetical protein FQN60_017211, partial "
XP_042345146,type-4 ice-structuring protein LS-12-like 
XP_008279304,PREDICTED: type-4 ice-structuring protein LS-12-like 
KAG8540932,hypothetical protein GDO81_030026 
KAI4902668,"hypothetical protein NFI96_016232, partial "
CAJ1063008,type-4 ice-structuring protein-like 
XP_035811317,type-4 ice-structuring protein LS-12 
XP_003229081,apolipoprotein A-II 
XP_012732164,antifreeze protein type IV 
KAI2520073,apolipoprotein A2  >gb|KAI4083601.1| apolipoprotein A2 
XP_030639040,type-4 ice-structuring protein LS-12-like 
XP_032411777,type-4 ice-structuring protein LS-12-like 
XP_027865568,type-4 ice-structuring protein LS-12-like 
XP_061872323,apolipoprotein A-II 
XP_040394749,apolipoprotein A-II isoform X1 
XP_054662109,apolipoprotein A-II-like  >ref|XP_054662110.1| apolipoprotein A-II-like 
KAK1806415,"hypothetical protein P4O66_004937, partial "
XP_005801876,type-4 ice-structuring protein LS-12-like 
XP_049661733,apolipoprotein A-II-like 
PNI19860,APOA2 isoform 6 
KAK4807598,hypothetical protein QYF61_015944 
XP_040900955,type-4 ice-structuring protein LS-12-like 
XP_054038907,apolipoprotein A-II-like 
KAI2520078,"apolipoprotein A2, partial  >gb|KAI4083604.1| apolipoprotein A2, partial "
XP_028565848,apolipoprotein A-II isoform X2  >ref|XP_053225186.1| apolipoprotein A-II 
KAF4076114,hypothetical protein AMELA_G00226780 
XP_046689855,type-4 ice-structuring protein LS-12-like  >gb|KAF7692050.1| hypothetical protein HF521_011017  >gb|KAI5092440.1| antifreeze protein type IV precursor 
XP_053344113,type-4 ice-structuring protein LS-12-like 
XP_030320950,apolipoprotein A-II-like 
XP_037639746,type-4 ice-structuring protein LS-12-like isoform X2 
XP_046256859,type-4 ice-structuring protein LS-12-like 
XP_061462486,apolipoprotein A-II 
XP_040433764,apolipoprotein A-II-like 
KAJ7986561,hypothetical protein DPEC_G00341130 
XP_008428971,PREDICTED: type-4 ice-structuring protein LS-12-like 
XP_028820260,type-4 ice-structuring protein LS-12-like 
XP_030250844,type-4 ice-structuring protein LS-12-like 
XP_041648688,type-4 ice-structuring protein LS-12-like 
PNI19863,"APOA2 isoform 10, partial "
XP_014817378,PREDICTED: apolipoprotein A-II-like 
XP_028565847,apolipoprotein A-II isoform X1 
XP_017308295,type-4 ice-structuring protein LS-12  >ref|XP_053467163.1| type-4 ice-structuring protein LS-12  >ref|XP_053467165.1| type-4 ice-structuring protein LS-12  >ref|XP_053467166.1| type-4 ice-structuring protein LS-12 
XP_035170292,apolipoprotein A-II 
KAE8289191,hypothetical protein D5F01_LYC13071 
XP_048367180,apolipoprotein A-II-like 
MCJ8745445,hypothetical protein 
XP_034955296,apolipoprotein A-II 
XP_051576024,type-4 ice-structuring protein LS-12-like 
XP_037639745,type-4 ice-structuring protein LS-12-like isoform X1 
XP_048117569,type-4 ice-structuring protein LS-12-like  >gb|KAG5271676.1| hypothetical protein AALO_G00182750 
XP_040021863,antifreeze protein type IV 
XP_026173476,type-4 ice-structuring protein LS-12-like 
KAK2518242,hypothetical protein Q9233_012753  >gb|KAK2540148.1| hypothetical protein Q9966_004716 
TMS10672,Type-4 ice-structuring protein LS-12 
TMS10672,Type-4 ice-structuring protein LS-12 
XP_050987481,type-4 ice-structuring protein LS-12-like 
XP_047453814,type-4 ice-structuring protein LS-12-like 
XP_036928732,antifreeze protein type IV 
XP_008322372,type-4 ice-structuring protein LS-12-like 
XP_010747093,type-4 ice-structuring protein LS-12 
XP_010747093,type-4 ice-structuring protein LS-12 
XP_010747093,type-4 ice-structuring protein LS-12 
XP_048117432,type-4 ice-structuring protein LS-12-like  >gb|KAG5271677.1| hypothetical protein AALO_G00182760 
XP_044800056,apolipoprotein A-II isoform X3 
XP_041962434,type-4 ice-structuring protein LS-12-like 
XP_060938038,type-4 ice-structuring protein LS-12 
EPY89005,apolipoprotein A-II-like protein 
KAK2909846,hypothetical protein Q8A73_007561 
XP_041962436,type-4 ice-structuring protein LS-12-like 
XP_041962435,type-4 ice-structuring protein LS-12-like 
XP_034553900,type-4 ice-structuring protein LS-12-like  >ref|XP_034553901.1| type-4 ice-structuring protein LS-12-like 
KAG7216506,hypothetical protein INR49_001992 
XP_032991985,apolipoprotein A-II 
XP_025143274,apolipoprotein A-II isoform X2 
XP_062278919,type-4 ice-structuring protein LS-12-like  >ref|XP_062278920.1| type-4 ice-structuring protein LS-12-like 
XP_053134113,apolipoprotein A-II-like 
XP_027013444,type-4 ice-structuring protein LS-12-like  >ref|XP_060717532.1| type-4 ice-structuring protein LS-12-like  >gb|KAK2815285.1| hypothetical protein Q7C36_023551 
OPJ71598,apolipoprotein A-II 
XP_052000752,LOW QUALITY PROTEIN: type-4 ice-structuring protein LS-12-like 
XP_031723309,type-4 ice-structuring protein LS-12-like  >ref|XP_031723310.1| type-4 ice-structuring protein LS-12-like 
XP_041842839,type-4 ice-structuring protein LS-12-like isoform X2 
KAI5611899,antifreeze protein type IV precursor 
XP_015805235,type-4 ice-structuring protein LS-12  >gb|KAF7226566.1| type-4 ice-structuring protein LS-12-like 
TKS82521,Type-4 ice-structuring protein LS-12 
TKS82521,Type-4 ice-structuring protein LS-12 
TKS82521,Type-4 ice-structuring protein LS-12 
XP_041842838,type-4 ice-structuring protein LS-12-like isoform X1  >ref|XP_041842840.1| type-4 ice-structuring protein LS-12-like isoform X1 
OCT69476,hypothetical protein XELAEV_18040787mg 
XP_020500141,type-4 ice-structuring protein LS-12-like 
XP_017288781,antifreeze protein type IV 
XP_056178108,apolipoprotein A-II-like 
XP_063001688,apolipoprotein A-II-like 
XP_014138161,apolipoprotein A-II-like  >ref|XP_037267812.1| apolipoprotein A-II-like 
XP_039974790,type-4 ice-structuring protein LS-12-like isoform X2  >ref|XP_039974791.1| type-4 ice-structuring protein LS-12-like isoform X2 
XP_059195546,type-4 ice-structuring protein LS-12-like 
XP_057195701,type-4 ice-structuring protein LS-12-like 
WJN62212,type-4 ice-structuring protein LS-12-like protein 
XP_062841859,type-4 ice-structuring protein LS-12-like 
KAG8009826,Type-4 ice-structuring protein LS-12 
KAG8009826,Type-4 ice-structuring protein LS-12 
KAG8009826,Type-4 ice-structuring protein LS-12 
CAJ0929895,unnamed protein product 
XP_041094859,type-4 ice-structuring protein LS-12-like 
XP_016049930,apolipoprotein A-II 
XP_038566209,type-4 ice-structuring protein LS-12-like 
XP_013160225,apolipoprotein A-II-like 
KAK3515394,hypothetical protein QTP70_018902  >gb|KAK3541146.1| hypothetical protein QTP86_016264 
XP_060905891,antifreeze protein type IV 
XP_039974789,type-4 ice-structuring protein LS-12-like isoform X1 
XP_054035210,apolipoprotein A-II-like 
KAJ1081395,hypothetical protein NDU88_001577 
XP_018601087,type-4 ice-structuring protein-like 
XP_041799272,type-4 ice-structuring protein LS-12-like 
XP_033850305,type-4 ice-structuring protein LS-12-like isoform X2  >gb|RXM91366.1| Type-4 ice-structuring protein LS-12 
XP_034765998,type-4 ice-structuring protein LS-12-like 
KAK1151619,type-4 ice-structuring protein LS-12-like  >gb|KAK1154658.1| type-4 ice-structuring protein LS-12-like 
XP_058503858,type-4 ice-structuring protein LS-12-like 
XP_061574529,type-4 ice-structuring protein LS-12-like 
KPP68945,type-4 ice-structuring protein LS-12-like 
XP_043890588,type-4 ice-structuring protein-like 
XP_061112195,type-4 ice-structuring protein-like 
XP_042640769,apolipoprotein A-II-like  >ref|XP_042640770.1| apolipoprotein A-II-like 
XP_058862237,type-4 ice-structuring protein LS-12-like isoform X1 
TSK20101,Type-4 ice-structuring protein LS-12 
XP_045901839,antifreeze protein type IV 
XP_058492290,type-4 ice-structuring protein LS-12-like isoform X2 
EAW52619,"apolipoprotein A-II, isoform CRA_b "
XP_048849832,type-4 ice-structuring protein LS-12-like 
XP_029361102,type-4 ice-structuring protein LS-12-like 
XP_058492281,type-4 ice-structuring protein LS-12-like isoform X1 
XP_007426195,apolipoprotein A-II  >ref|XP_015743215.1| apolipoprotein A-II 
KAK2845004,hypothetical protein Q5P01_011663 
XP_062256167,antifreeze protein type IV 
XP_060756983,type-4 ice-structuring protein LS-12-like 
KAG8507785,Apolipoprotein A-II 
XP_040923831,type-4 ice-structuring protein LS-12 isoform X2  >ref|XP_040923832.1| type-4 ice-structuring protein LS-12 isoform X2 
XP_037310191,antifreeze protein type IV 
KAG7474973,hypothetical protein JOB18_020843 
XP_042565174,type-4 ice-structuring protein-like 
KAJ8267418,hypothetical protein COCON_G00125900 
XP_012673372,type-4 ice-structuring protein LS-12-like 
BAA28618,unnamed protein product 
KAJ6656974,hypothetical protein lerEdw1_002975 
AAA40750,"apolipoprotein A-II, partial "
XP_054903188,type-4 ice-structuring protein LS-12-like isoform X2 
XP_048881479,type-4 ice-structuring protein-like 
XP_054903187,type-4 ice-structuring protein LS-12-like isoform X1 
XP_028984978,type-4 ice-structuring protein LS-12 isoform X1  >ref|XP_028984980.1| type-4 ice-structuring protein LS-12 isoform X1 
XP_023656959,type-4 ice-structuring protein-like  >ref|XP_023656960.1| type-4 ice-structuring protein-like 
XP_031431924,type-4 ice-structuring protein-like  >ref|XP_042565175.1| type-4 ice-structuring protein-like 
KAF6727001,Type-4 ice-structuring protein LS-12 
XP_024117328,type-4 ice-structuring protein LS-12 isoform X2 
XP_035020249,type-4 ice-structuring protein LS-12-like 
KAF3692297,Type-4 ice-structuring protein LS-12 
XP_024114119,antifreeze protein type IV isoform X1 
XP_019962195,PREDICTED: type-4 ice-structuring protein LS-12-like 
XP_034466005,type-4 ice-structuring protein LS-12-like  >ref|XP_034466006.1| type-4 ice-structuring protein LS-12-like 
XP_053289328,antifreeze protein type IV  >emb|CAB1438913.1| unnamed protein product 
XP_041932120,type-4 ice-structuring protein LS-12-like  >ref|XP_048084959.1| type-4 ice-structuring protein LS-12-like  >gb|KAG5264866.1| hypothetical protein AALO_G00258910 
KAF6396124,apolipoprotein A2 
XP_056142849,type-4 ice-structuring protein LS-12-like 
XP_060541040,apolipoprotein A-II-like 
XP_013878912,PREDICTED: type-4 ice-structuring protein LS-12-like 
XP_055443326,apolipoprotein A-II isoform X1 
XP_054478416,type-4 ice-structuring protein LS-12-like 
XP_053743168,type-4 ice-structuring protein-like 
MBN3295023,AFP4 protein 
EAW52622,"apolipoprotein A-II, isoform CRA_d, partial "
XP_032090022,apolipoprotein A-II-like 
XP_054852106,apolipoprotein A-II-like 
XP_012673715,type-4 ice-structuring protein LS-12-like 
XP_063001689,apolipoprotein A-II-like  >ref|XP_063001690.1| apolipoprotein A-II-like 
XP_053183399,type-4 ice-structuring protein LS-12 
XP_020653039,apolipoprotein A-II-like 
XP_041963931,type-4 ice-structuring protein LS-12-like  >ref|XP_041963932.1| type-4 ice-structuring protein LS-12-like  >ref|XP_041963933.1| type-4 ice-structuring protein LS-12-like  >ref|XP_041963935.1| type-4 ice-structuring protein LS-12-like  >ref|XP_041963936.1| type-4 ice-structuring protein LS-12-like  >ref|XP_041963937.1| type-4 ice-structuring protein LS-12-like  >ref|XP_041964456.1| type-4 ice-structuring protein LS-12-like  >ref|XP_041964457.1| type-4 ice-structuring protein LS-12-like  >ref|XP_041964458.1| type-4 ice-structuring protein LS-12-like  >ref|XP_041964459.1| type-4 ice-structuring protein LS-12-like  >ref|XP_041964460.1| type-4 ice-structuring protein LS-12-like  >ref|XP_041964461.1| type-4 ice-structuring protein LS-12-like  >ref|XP_041964462.1| type-4 ice-structuring protein LS-12-like  >ref|XP_041964463.1| type-4 ice-structuring protein LS-12-like  >ref|XP_041964464.1| type-4 ice-structuring protein LS-12-like  >ref|XP_041964465.1| type-4 ice-structuring protein LS-12-like  >ref|XP_041964467.1| type-4 ice-structuring protein LS-12-like  >ref|XP_041964468.1| type-4 ice-structuring protein LS-12-like  >ref|XP_041964469.1| type-4 ice-structuring protein LS-12-like  >ref|XP_041964470.1| type-4 ice-structuring protein LS-12-like  >ref|XP_041964482.1| type-4 ice-structuring protein LS-12-like  >ref|XP_041964484.1| type-4 ice-structuring protein LS-12-like  >ref|XP_041964485.1| type-4 ice-structuring protein LS-12-like  >ref|XP_041964486.1| type-4 ice-structuring protein LS-12-like  >ref|XP_041964487.1| type-4 ice-structuring protein LS-12-like  >ref|XP_041964488.1| type-4 ice-structuring protein LS-12-like  >ref|XP_041964489.1| type-4 ice-structuring protein LS-12-like  >ref|XP_041964490.1| type-4 ice-structuring protein LS-12-like  >ref|XP_041964498.1| type-4 ice-structuring protein LS-12-like  >ref|XP_041964499.1| type-4 ice-structuring protein LS-12-like  >ref|XP_041964500.1| type-4 ice-structuring protein LS-12-like  >ref|XP_041964501.1| type-4 ice-structuring protein LS-12-like  >ref|XP_041964502.1| type-4 ice-structuring protein LS-12-like  >ref|XP_041964503.1| type-4 ice-structuring protein LS-12-like 
XP_041962437,type-4 ice-structuring protein LS-12-like  >ref|XP_041962438.1| type-4 ice-structuring protein LS-12-like 
XP_037532644,apolipoprotein A-I 
XP_036128967,apolipoprotein A-II isoform X1  >gb|KAF6412677.1| apolipoprotein A2 
XP_032568938,apolipoprotein A-II-like 
XP_027766951,apolipoprotein A-II-like 
XP_039607142,antifreeze protein type IV 
XP_027583868,apolipoprotein A-II-like  >ref|XP_051632609.1| apolipoprotein A-II-like 
RVE63243,hypothetical protein OJAV_G00165670 
XP_061300162,apolipoprotein A-II-like 
XP_061213504,apolipoprotein A-II-like 
XP_024114121,antifreeze protein type IV isoform X2  >ref|XP_024114122.1| antifreeze protein type IV isoform X2  >ref|XP_024117327.1| type-4 ice-structuring protein LS-12 isoform X1 
XP_030003662,type-4 ice-structuring protein LS-12-like 
XP_051779277,antifreeze protein type IV isoform X2 
KAG5271675,hypothetical protein AALO_G00182740 
XP_051779276,antifreeze protein type IV isoform X1 
XP_062488597,apolipoprotein A-II-like 
XP_026572283,apolipoprotein A-II-like 
EMP26198,Ubiquitin-fold modifier-conjugating enzyme 1 
XP_015676979,apolipoprotein A-II-like 
XP_056153784,type-4 ice-structuring protein-like 
P02653,RecName: Full=Apolipoprotein A-II; Short=Apo-AII; Short=ApoA-II; AltName: Full=Apolipoprotein A2; Contains: RecName: Full=Truncated apolipoprotein A-II 
PIO09969,hypothetical protein AB205_0185210 
XP_026546017,apolipoprotein A-II-like  >ref|XP_026546018.1| apolipoprotein A-II-like 
XP_057902515,type-4 ice-structuring protein LS-12-like 
MBN3289990,AFP4 protein 
XP_030329930,apolipoprotein A-II-like 
XP_054619339,type-4 ice-structuring protein LS-12-like 
XP_015989572,apolipoprotein A-II 
XP_041757844,type-4 ice-structuring protein 
XP_009463246,PREDICTED: apolipoprotein A-II 
CAB1320837,"unnamed protein product, partial "
XP_044027161,type-4 ice-structuring protein LS-12-like 
XP_016065956,PREDICTED: LOW QUALITY PROTEIN: apolipoprotein A-II 
XP_029587895,type-4 ice-structuring protein-like 
XP_033927216,apolipoprotein A-II-like 
XP_014033195,type-4 ice-structuring protein-like 
XP_024297184,type-4 ice-structuring protein 
XP_020323544,type-4 ice-structuring protein 
XP_021427891,type-4 ice-structuring protein 
KAI3358630,hypothetical protein L3Q82_015040 
CAB1320838,unnamed protein product 
XP_046906624,type-4 ice-structuring protein-like 
XP_041739718,type-4 ice-structuring protein 
XP_020355327,type-4 ice-structuring protein-like  >ref|XP_021416011.1| type-4 ice-structuring protein  >ref|XP_024250872.1| type-4 ice-structuring protein  >ref|XP_035648523.1| type-4 ice-structuring protein-like  >ref|XP_046216838.1| type-4 ice-structuring protein-like 
XP_029521307,type-4 ice-structuring protein-like 
XP_061122821,type-4 ice-structuring protein LS-12-like 
XP_018553523,type-4 ice-structuring protein LS-12 
XP_029591118,type-4 ice-structuring protein-like 
XP_038827678,type-4 ice-structuring protein-like  >ref|XP_055750110.1| type-4 ice-structuring protein-like 
XP_023831001,type-4 ice-structuring protein 
CDQ72913,unnamed protein product 
CDQ80836,unnamed protein product 
XP_037119482,type-4 ice-structuring protein LS-12-like 
KAJ7307393,hypothetical protein JRQ81_009409 
XP_029514259,type-4 ice-structuring protein-like 
XP_035651429,type-4 ice-structuring protein-like 
XP_028317203,type-4 ice-structuring protein LS-12-like 
XP_046183724,type-4 ice-structuring protein-like 
XP_013997712,type-4 ice-structuring protein  >gb|ACI66601.1| Type-4 ice-structuring protein precursor  >gb|ACN09891.1| Type-4 ice-structuring protein precursor  >gb|ACN12238.1| Type-4 ice-structuring protein precursor 
XP_035476200,type-4 ice-structuring protein  >gb|AWP21593.1| putative type-4 ice-structuring protein-like  >gb|KAF0024492.1| hypothetical protein F2P81_023294 
XP_028452361,type-4 ice-structuring protein LS-12-like  >ref|XP_028452362.1| type-4 ice-structuring protein LS-12-like 
P83704,RecName: Full=Apolipoprotein A-II; Short=Apo-AII; Short=ApoA-II; AltName: Full=Apolipoprotein A2 
CAB1350978,unnamed protein product 
XP_040908940,type-4 ice-structuring protein LS-12-like 
XP_061764571,type-4 ice-structuring protein LS-12-like  >ref|XP_061822994.1| type-4 ice-structuring protein LS-12-like  >ref|XP_061912481.1| type-4 ice-structuring protein LS-12-like 
GLD59133,type-4 ice-structuring protein LS-12-like isoform X1 
KAG9462513,hypothetical protein GDO78_013981 
XP_047460529,type-4 ice-structuring protein LS-12-like 
XP_047460529,type-4 ice-structuring protein LS-12-like 
XP_039675674,type-4 ice-structuring protein LS-12-like 
KAF1381679,hypothetical protein PFLUV_G00156450 
XP_048785110,LOW QUALITY PROTEIN: apolipoprotein A-II-like 
TDH04048,hypothetical protein EPR50_G00148390 
TNN72324,Type-4 ice-structuring protein LS-12 
XP_020490335,type-4 ice-structuring protein LS-12-like 
XP_020490335,type-4 ice-structuring protein LS-12-like 
XP_053190891,type-4 ice-structuring protein LS-12-like 
QXF30678,"type IV antifreeze protein, partial  >gb|QZX45263.1| putative type IV antifreeze protein, partial "
XP_055733420,type-4 ice-structuring protein-like 
XP_042292023,type-4 ice-structuring protein LS-12-like  >ref|XP_044191508.1| type-4 ice-structuring protein LS-12-like 
XP_028251607,type-4 ice-structuring protein LS-12-like 
XP_030267861,type-4 ice-structuring protein LS-12-like 
XP_034401386,type-4 ice-structuring protein LS-12 
P80961,RecName: Full=Type-4 ice-structuring protein LS-12; Short=ISP LS-12; AltName: Full=Antifreeze protein LS-12; Flags: Precursor  >gb|AAC27986.1| antifreeze protein precursor  >gb|ABA41379.1| type IV antifreeze protein 
XP_031152064,type-4 ice-structuring protein LS-12-like isoform X2 
XP_034561100,type-4 ice-structuring protein LS-12-like 
XP_035038951,type-4 ice-structuring protein-like 
XP_034455530,type-4 ice-structuring protein-like 
XP_038581812,type-4 ice-structuring protein LS-12-like isoform X2 
XP_031152063,type-4 ice-structuring protein LS-12-like isoform X1 
XP_038822261,type-4 ice-structuring protein-like 
XP_019957605,PREDICTED: type-4 ice-structuring protein  >sp|Q8JI37.1| RecName: Full=Type-4 ice-structuring protein; AltName: Full=Antifreeze protein type IV; Flags: Precursor  >gb|AAM46175.1| antifreeze protein type IV 
XP_059899230,type-4 ice-structuring protein  >gb|ANN81986.1| type-4 antifreeze protein 
KAA8585799,hypothetical protein FQN60_007368 
XP_060915486,type-4 ice-structuring protein LS-12-like 
XP_020453028,type-4 ice-structuring protein LS-12-like 
XP_049607579,type-4 ice-structuring protein LS-12-like 
XP_038581810,type-4 ice-structuring protein LS-12-like isoform X1 
XP_031598511,type-4 ice-structuring protein-like 
XP_003444152,type-4 ice-structuring protein  >emb|CAI5690835.1| unnamed protein product  >emb|CCF55061.1| putative antifreeze type 4 protein 
XP_029298442,LOW QUALITY PROTEIN: type-4 ice-structuring protein LS-12-like 
CAI5690836,unnamed protein product 
MEE6491622,hypothetical protein 
OCT66650,hypothetical protein XELAEV_18042902mg 
AAB32200,"apolipoprotein D, apoD  "
XP_034747140,type-4 ice-structuring protein LS-12-like 
XP_032392228,type-4 ice-structuring protein LS-12-like 
XP_045914015,type-4 ice-structuring protein LS-12-like isoform X2 
XP_026156033,type-4 ice-structuring protein LS-12-like 
XP_021232195,apolipoprotein A-II-like 
ATQ63802,putative antifreeze type 4 protein 
KAG7279963,hypothetical protein CRUP_025215 
XP_039977479,type-4 ice-structuring protein LS-12-like isoform X2 
XP_030596528,type-4 ice-structuring protein LS-12-like 
XP_062265837,type-4 ice-structuring protein-like 
XP_053302455,type-4 ice-structuring protein 
XP_060948750,type-4 ice-structuring protein-like 
XP_039977478,type-4 ice-structuring protein LS-12-like isoform X1 
XP_056438095,type-4 ice-structuring protein 
KAI4817799,hypothetical protein KUCAC02_011176 
KAF3707395,Type-4 ice-structuring protein LS-12  >gb|KAK2921033.1| hypothetical protein Q8A73_000518 
XP_005728559,PREDICTED: type-4 ice-structuring protein-like 
XP_045914014,type-4 ice-structuring protein LS-12-like isoform X1 
XP_023135734,type-4 ice-structuring protein LS-12-like 
XP_005917613,type-4 ice-structuring protein 
XP_026011383,type-4 ice-structuring protein-like isoform X2 
XP_026011382,type-4 ice-structuring protein-like isoform X1 
XP_004549213,type-4 ice-structuring protein 
XP_030203814,type-4 ice-structuring protein  >sp|Q56TU0.1| RecName: Full=Type-4 ice-structuring protein; AltName: Full=Antifreeze protein type IV; Flags: Precursor  >gb|AAT95404.1| antifreeze protein 
TRZ07692,hypothetical protein HGM15179_019417 
XP_052561449,apolipoprotein A-II-like 
XP_042748069,apolipoprotein A-II-like  >ref|XP_042748785.1| apolipoprotein A-II-like 
XP_026204783,type-4 ice-structuring protein LS-12-like  >ref|XP_026204784.1| type-4 ice-structuring protein LS-12-like  >ref|XP_026204785.1| type-4 ice-structuring protein LS-12-like 
KAJ4928040,hypothetical protein JOQ06_015839 
XP_025967358,apolipoprotein A-II-like 
XP_006787962,type-4 ice-structuring protein-like 
XP_029022262,type-4 ice-structuring protein LS-12-like 
XP_023267880,type-4 ice-structuring protein LS-12-like  >ref|XP_056254717.1| type-4 ice-structuring protein LS-12-like 
CAB1444091,unnamed protein product 
KAK2830435,hypothetical protein Q5P01_018366 
XP_031467288,apolipoprotein A-II-like 
XP_010872092,type-4 ice-structuring protein 
EAW52621,"apolipoprotein A-II, isoform CRA_c, partial "
XP_036946686,type-4 ice-structuring protein LS-12-like 
XP_042362595,type-4 ice-structuring protein LS-12-like 
XP_061675078,antifreeze protein type IV 
XP_061675078,antifreeze protein type IV 
XP_062292511,type-4 ice-structuring protein LS-12-like 
XP_034056787,antifreeze protein type IV 
XP_029919796,type-4 ice-structuring protein LS-12-like 
XP_019723458,PREDICTED: type-4 ice-structuring protein LS-12-like 
XP_008298957,PREDICTED: type-4 ice-structuring protein LS-12-like 
KAG7235565,hypothetical protein INR49_002489 
XP_051245990,type-4 ice-structuring protein LS-12 
XP_029975980,type-4 ice-structuring protein-like isoform X2 
XP_033949818,antifreeze protein type IV 
KAK5883580,hypothetical protein CesoFtcFv8_019891  >gb|KAK5911180.1| hypothetical protein CgunFtcFv8_005376 
XP_054461761,type-4 ice-structuring protein LS-12-like 
MED6295270,hypothetical protein 
XP_039876018,type-4 ice-structuring protein-like 
XP_037651526,type-4 ice-structuring protein LS-12-like 
KAJ7991398,hypothetical protein DPEC_G00283410 
XP_053857102,uncharacterized protein LOC128820383 
XP_010744971,type-4 ice-structuring protein LS-12  >gb|TMS18063.1| Type-4 ice-structuring protein LS-12 
XP_051926214,antifreeze protein type IV 
CAG5885189,unnamed protein product 
XP_022603083,type-4 ice-structuring protein LS-12-like 
XP_046274264,type-4 ice-structuring protein-like 
XP_003643462,apolipoprotein A-II  >ref|XP_040546760.1| apolipoprotein A-II  >gb|PWN86386.1| hypothetical protein CTM99_00245 
KAK5855026,hypothetical protein PBY51_005166 
XP_008329720,type-4 ice-structuring protein LS-12-like 
XP_059205364,type-4 ice-structuring protein LS-12-like 
XP_061616772,type-4 ice-structuring protein LS-12-like 
KAK1880754,Type-4 ice-structuring protein LS-12 
XP_029975979,type-4 ice-structuring protein-like isoform X1 
KAF5885853,"type-4 ice-structuring protein LS-12-like, partial "
KAG8005318,Type-4 ice-structuring protein LS-12 
ADU02180,type-IV antifreeze protein  >gb|ADU02182.1| type-IV antifreeze protein 
XP_041664925,type-4 ice-structuring protein-like 
XP_033981139,antifreeze protein type IV 
XP_047239918,type-4 ice-structuring protein LS-12-like 
KAK0146394,Type-4 ice-structuring protein 
XP_020789994,antifreeze protein type IV 
TKS88306,Type-4 ice-structuring protein LS-12 
XP_015420077,"PREDICTED: LOW QUALITY PROTEIN: apolipoprotein A-II, partial "
XP_053718950,antifreeze protein type IV 
XP_053718950,antifreeze protein type IV 
XP_061521566,type-4 ice-structuring protein LS-12-like 
KAI9539997,hypothetical protein NQZ68_001930 
XP_014866983,PREDICTED: type-4 ice-structuring protein LS-12-like 
XP_014910475,PREDICTED: type-4 ice-structuring protein LS-12-like 
KAF7662795,hypothetical protein LDENG_00226880 
XP_007571802,PREDICTED: type-4 ice-structuring protein LS-12-like 
XP_003968962,type-4 ice-structuring protein LS-12-like 
XP_040044219,type-4 ice-structuring protein LS-12-like 
XP_035537008,type-4 ice-structuring protein LS-12-like 
XP_029370125,type-4 ice-structuring protein-like 
NP_001290217,antifreeze protein type IV precursor  >gb|ADU02181.1| type-IV antifreeze protein  >gb|ADU02183.1| type-IV antifreeze protein 
KAF3833940,hypothetical protein F7725_025144 
RVE67004,hypothetical protein OJAV_G00113120 
ACD62550,"type IV AFP precursor, partial "
XP_011479073,type-4 ice-structuring protein-like 
KAG2462387,"AFP4 protein, partial "
XP_022069052,type-4 ice-structuring protein LS-12-like 
XP_024155577,type-4 ice-structuring protein  >gb|KAF6737812.1| Type-4 ice-structuring protein LS-12 
PNJ57115,APOA2 isoform 1  >gb|PNJ57116.1| APOA2 isoform 3 
XP_008420319,PREDICTED: type-4 ice-structuring protein LS-12-like 
XP_041811996,type-4 ice-structuring protein LS-12-like 
WEV94011,AFP4 
XP_031722488,type-4 ice-structuring protein LS-12-like 
CAZ39956,"Type-4 ice-structuring protein precursor, partial "
XP_032436550,type-4 ice-structuring protein LS-12-like 
XP_034016203,type-4 ice-structuring protein LS-12-like 
XP_033830691,antifreeze protein type IV 
KAJ0003378,hypothetical protein NQD34_008476 
XP_056877632,type-4 ice-structuring protein LS-12-like  >gb|TWW65241.1| Type-4 ice-structuring protein 
XP_061531479,type-4 ice-structuring protein LS-12-like 
KAJ3608972,hypothetical protein NHX12_023500 
XP_057684108,antifreeze protein type IV  >ref|XP_061808755.1| type-4 ice-structuring protein LS-12-like 
PNI19856,APOA2 isoform 2  >gb|PNI19857.1| APOA2 isoform 3 
XP_044304327,apolipoprotein A-II-like 
KAI2520075,apolipoprotein A2  >gb|KAI2520076.1| apolipoprotein A2  >gb|KAI4083598.1| apolipoprotein A2  >gb|KAI4083599.1| apolipoprotein A2 
XP_027891417,type-4 ice-structuring protein-like 
XP_038142998,type-4 ice-structuring protein-like 
CAF99350,unnamed protein product 
XP_005797452,type-4 ice-structuring protein LS-12-like 
XP_043995354,type-4 ice-structuring protein LS-12-like  >ref|XP_043995355.1| type-4 ice-structuring protein LS-12-like 
XP_057684363,type-4 ice-structuring protein LS-12-like  >ref|XP_057684364.1| type-4 ice-structuring protein LS-12-like  >ref|XP_061808756.1| type-4 ice-structuring protein LS-12-like 
PWA15165,hypothetical protein CCH79_00008749 
XP_041962218,apolipoprotein C-I 
XP_043908055,type-4 ice-structuring protein-like 
XP_012730771,type-4 ice-structuring protein 
XP_028836213,type-4 ice-structuring protein LS-12-like  >ref|XP_028836214.1| type-4 ice-structuring protein LS-12-like 
XP_054854980,uncharacterized protein LOC129343047 isoform X1 
XP_048116017,apolipoprotein C-I  >ref|XP_048116018.1| apolipoprotein C-I 
XP_048009781,apolipoprotein A-I-like 
KAF7652064,hypothetical protein LDENG_00101790 
XP_015235988,PREDICTED: type-4 ice-structuring protein-like 
KAG5270990,hypothetical protein AALO_G00174630 
KAF4103244,hypothetical protein G5714_016127 
XP_014384050,PREDICTED: uncharacterized protein LOC102246810 isoform X1 
XP_058474480,type-4 ice-structuring protein-like 
XP_016140925,PREDICTED: apolipoprotein A-I-like 
XP_053737226,apolipoprotein C-I-like 
NXP23937,APOA4 protein 
XP_054909911,type-4 ice-structuring protein-like 
NXG17359,APOA4 protein 
XP_028837469,apolipoprotein C-I-like 
NWQ64626,APOA4 protein 
GCB85864,hypothetical protein 
XP_016387717,PREDICTED: apolipoprotein A-I-like 
XP_031435075,altered inheritance of mitochondria protein 3-like 
GCB87238,hypothetical protein 
GCB87238,hypothetical protein 
GCB87238,hypothetical protein 
NXK37063,APOA4 protein 
KAF6272557,hypothetical protein mPipKuh1_000843 
XP_012678577,apolipoprotein C-I 
XP_032565339,apolipoprotein A-IV 
GCB86842,hypothetical protein 
ALQ33371,"apolipoprotein E isoform 5, partial "
KAJ0021803,hypothetical protein NQD34_009293 
XP_033832683,apolipoprotein A-I-like 
KYO17716,apolipoprotein A-IV precursor 
XP_019336207,apolipoprotein A-IV 
XP_061453876,apolipoprotein C-II-like 
KAK2907791,hypothetical protein Q8A73_008864 
KAF3690992,FYVE and coiled-coil domain-containing protein 1 Zinc finger FYVE domain-containing protein 7 
EDL39122,"apolipoprotein A-II, isoform CRA_b "
AFW04082,apolipoprotein C-I 
XP_049457862,type-4 ice-structuring protein LS-12-like 
XP_012737204,apolipoprotein A-I 
XP_036423215,apolipoprotein Ea 
NXM31842,APOA4 protein 
XP_040181294,apolipoprotein A-IV-like 
TRZ15881,hypothetical protein HGM15179_011229 
XP_017664980,PREDICTED: apolipoprotein A-IV 
XP_027555397,apolipoprotein A-IV 
XP_040181291,apolipoprotein A-IV-like 
XP_027737168,apolipoprotein A-IV 
XP_027511455,apolipoprotein A-IV 
XP_051668148,apolipoprotein A-IV 
XP_050178916,apolipoprotein A-IV 
XP_021385799,apolipoprotein A-IV  >gb|OWK55731.1| Apolipoprotein A-IV 
XP_023066998,histone-lysine N-methyltransferase 2D isoform X7 
XP_023066997,histone-lysine N-methyltransferase 2D isoform X6 
XP_023066996,histone-lysine N-methyltransferase 2D isoform X5 
XP_023066995,histone-lysine N-methyltransferase 2D isoform X4 
XP_023066994,histone-lysine N-methyltransferase 2D isoform X3 
XP_023066992,histone-lysine N-methyltransferase 2D isoform X2 
XP_023066990,histone-lysine N-methyltransferase 2D isoform X1 
XP_023116995,apolipoprotein Ea 
XP_029027405,apolipoprotein A-Ib 
NXG09489,APOA4 protein 
XP_016123304,PREDICTED: apolipoprotein A-I-like 
PIO15061,"hypothetical protein AB205_0105210, partial "
XP_032459812,zinc finger protein 853 isoform X2 
XP_032459811,zinc finger protein 853 isoform X1 
BAD05173,apolipoprotein A-II 
XP_034976889,apolipoprotein C-II  >ref|XP_060131572.1| apolipoprotein C-II 
MED6279981,hypothetical protein 
CAH2320222,apolipo A-I 
XP_037393696,probable inactive protein kinase DDB_G0270444 
XP_037393696,probable inactive protein kinase DDB_G0270444 
GCB86525,hypothetical protein 
GCB86525,hypothetical protein 
NWR85131,APOA4 protein 
NWU33922,APOA4 protein 
KAJ8388864,hypothetical protein AAFF_G00126200 
XP_040180262,FK506-binding protein 15 isoform X2 
XP_040180261,FK506-binding protein 15 isoform X1 
XP_022059506,LOW QUALITY PROTEIN: FYVE and coiled-coil domain-containing protein 1-like 
XP_042300300,"uncharacterized protein LOC121918295, partial "
XP_041957663,zinc finger protein 853-like isoform X2 
XP_041957663,zinc finger protein 853-like isoform X2 
KAJ7303976,hypothetical protein JRQ81_011492 
XP_042296259,apolipoprotein A-I-like 
XP_024113942,apolipoprotein A-Ib 
KAF6722395,Apolipoprotein A-I 
XP_059785289,apolipoprotein A-I 
AEA51138,"apolipoprotein A-I, partial "
XP_014384051,PREDICTED: uncharacterized protein LOC102246810 isoform X2 
KAJ8252945,hypothetical protein GJAV_G00207460 
XP_041957662,probable basic-leucine zipper transcription factor K isoform X1 
XP_041957662,probable basic-leucine zipper transcription factor K isoform X1 
KAK3551854,hypothetical protein QTP70_030227 
ALQ33370,"apolipoprotein E isoform 4, partial "
XP_048412618,aryl hydrocarbon receptor-like isoform X2 
XP_048412609,aryl hydrocarbon receptor-like isoform X1 
XP_015264683,PREDICTED: cingulin-like protein 1 isoform X4 
XP_061855342,cingulin-like protein 1 isoform X4 
XP_061855340,cingulin-like protein 1 isoform X3 
XP_061855339,cingulin-like protein 1 isoform X2 
XP_061855336,cingulin-like protein 1 isoform X1  >ref|XP_061855337.1| cingulin-like protein 1 isoform X1  >ref|XP_061855338.1| cingulin-like protein 1 isoform X1  >ref|XP_061855343.1| cingulin-like protein 1 isoform X1 
XP_015264682,PREDICTED: cingulin-like protein 1 isoform X3 
XP_015264681,PREDICTED: cingulin-like protein 1 isoform X2 
XP_015264680,PREDICTED: cingulin-like protein 1 isoform X1 
XP_023149205,FYVE and coiled-coil domain-containing protein 1  >ref|XP_023149206.1| FYVE and coiled-coil domain-containing protein 1 
MED6236728,hypothetical protein 
XP_053253801,apolipoprotein C-II-like  >ref|XP_053253802.1| apolipoprotein C-II-like 
XP_023817225,apolipoprotein A-I isoform X3 
XP_057936927,apolipoprotein A-I-like 
XP_051842987,apolipoprotein A-I 
AKG51679,apolipoprotein A-I 
NXQ06013,APOA4 protein 
XP_023817224,apolipoprotein A-I isoform X2 
XP_039535277,apolipoprotein C-I 
XP_023817222,apolipoprotein A-I isoform X1  >ref|XP_023817223.1| apolipoprotein A-I isoform X1 
NXH54922,APOA4 protein 
NXW57078,APOA4 protein 
NXM74533,APOA4 protein 
XP_027595046,apolipoprotein A-IV 
CAI9542239,unnamed protein product 
XP_053819605,apolipoprotein A-IV  >ref|XP_053852802.1| apolipoprotein A-IV 
KAK2903092,hypothetical protein Q8A67_007805 
XP_062279115,uncharacterized protein LOC133983918 
XP_041039920,aryl hydrocarbon receptor-like 
XP_041039920,aryl hydrocarbon receptor-like 
XP_041039920,aryl hydrocarbon receptor-like 
XP_041039920,aryl hydrocarbon receptor-like 
XP_041039920,aryl hydrocarbon receptor-like 
XP_041039920,aryl hydrocarbon receptor-like 
XP_041039920,aryl hydrocarbon receptor-like 
XP_041039920,aryl hydrocarbon receptor-like 
XP_041039920,aryl hydrocarbon receptor-like 
XP_041039920,aryl hydrocarbon receptor-like 
XP_053079777,uveal autoantigen with coiled-coil domains and ankyrin repeats isoform X4 
XP_026923465,uveal autoantigen with coiled-coil domains and ankyrin repeats isoform X3 
XP_014926880,uveal autoantigen with coiled-coil domains and ankyrin repeats isoform X2 
XP_026923464,uveal autoantigen with coiled-coil domains and ankyrin repeats isoform X1 
PNI19859,APOA2 isoform 5 
PNJ57118,APOA2 isoform 5 
EAW52618,"apolipoprotein A-II, isoform CRA_a  >gb|EAW52620.1| apolipoprotein A-II, isoform CRA_a  >gb|KAI2520079.1| apolipoprotein A2  >gb|KAI4083600.1| apolipoprotein A2 "
XP_013880240,PREDICTED: plectin-like 
XP_059423762,apolipoprotein Eb-like isoform X2 
XP_038132243,apolipoprotein A-I-like 
XP_015227352,PREDICTED: apolipoprotein A-I-like 
XP_019797580,apolipoprotein A-I  >ref|XP_059873892.1| apolipoprotein A-I  >ref|XP_060013948.1| apolipoprotein A-I  >sp|P0DMB0.1| RecName: Full=Apolipoprotein A-I; Short=Apo-AI; Short=ApoA-I; AltName: Full=Apolipoprotein A1; Contains: RecName: Full=Proapolipoprotein A-I; Short=ProapoA-I; Contains: RecName: Full=Truncated apolipoprotein A-I; Flags: Precursor 
NIG60960,apolipoprotein A-I 
XP_060642963,apolipoprotein A-I 
XP_028315474,uncharacterized protein LOC114471092 
CAJ0963569,unnamed protein product 
NWU17089,APOA4 protein 
NXC26574,APOA4 protein 
NXB11612,APOA4 protein 
XP_031455739,apolipoprotein A-IV 
XP_056123622,apolipoprotein C-I 
XP_003496538,epidermal growth factor receptor substrate 15 isoform X1 
TMS18294,hypothetical protein E3U43_010620 
ERE83405,epidermal growth factor receptor substrate 15-like protein 
XP_027258249,epidermal growth factor receptor substrate 15 isoform X3 
ERE83406,epidermal growth factor receptor substrate 15-like protein 
XP_027258248,epidermal growth factor receptor substrate 15 isoform X2 
XP_057228104,cingulin-like protein 1 isoform X2 
XP_057228102,cingulin-like protein 1 isoform X1  >ref|XP_057228103.1| cingulin-like protein 1 isoform X1 
XP_017593872,PREDICTED: apolipoprotein A-IV-like 
XP_029132238,actin cytoskeleton-regulatory complex protein pan1 
XP_029132238,actin cytoskeleton-regulatory complex protein pan1 
NXH78485,APOA4 protein 
XP_017581056,apolipoprotein Ea 
XP_026230177,apolipoprotein A-I 
XP_051520672,apolipoprotein Eb-like 
RVE64361,hypothetical protein OJAV_G00125150 
KAJ3587725,hypothetical protein NHX12_011322 
EDL94612,"apolipoprotein A-II, isoform CRA_b "
NXR65394,APOA4 protein 
NXM23214,APOA4 protein 
XP_054503281,apolipoprotein A-IV 
XP_040181293,apolipoprotein A-IV-like 
XP_036253245,apolipoprotein A-IV 
NP_001008099,"apolipoprotein A-IV precursor  >ref|XP_012821929.1| apolipoprotein A-IV isoform X1  >gb|ATO95930.1| apolipoprotein A4, partial  >gb|AAH81300.1| apolipoprotein A4  >gb|KAE8592553.1| hypothetical protein XENTR_v10018788  >gb|KAE8592554.1| hypothetical protein XENTR_v10018788  >gb|KAE8592555.1| hypothetical protein XENTR_v10018788 "
XP_054147494,apolipoprotein A-IV 
KAG1947580,apolipoprotein C-I 
KAE8592551,hypothetical protein XENTR_v10018788  >gb|KAE8592552.1| hypothetical protein XENTR_v10018788 
XP_051811450,apolipoprotein Ea 
XP_038189907,epidermal growth factor receptor substrate 15 isoform X2 
XP_038189906,epidermal growth factor receptor substrate 15 isoform X1 
XP_039908759,FYVE and coiled-coil domain-containing protein 1 isoform X2 
XP_026015714,FYVE and coiled-coil domain-containing protein 1-like isoform X3  >ref|XP_026015715.1| FYVE and coiled-coil domain-containing protein 1-like isoform X3  >ref|XP_026015716.1| FYVE and coiled-coil domain-containing protein 1-like isoform X3  >ref|XP_026015717.1| FYVE and coiled-coil domain-containing protein 1-like isoform X3  >ref|XP_026015718.1| FYVE and coiled-coil domain-containing protein 1-like isoform X3  >ref|XP_026015719.1| FYVE and coiled-coil domain-containing protein 1-like isoform X3 
XP_005951466,FYVE and coiled-coil domain-containing protein 1 isoform X2  >ref|XP_005951467.1| FYVE and coiled-coil domain-containing protein 1 isoform X2  >ref|XP_005951468.1| FYVE and coiled-coil domain-containing protein 1 isoform X2  >ref|XP_005951471.1| FYVE and coiled-coil domain-containing protein 1 isoform X2  >ref|XP_005951473.1| FYVE and coiled-coil domain-containing protein 1 isoform X2 
XP_039908755,FYVE and coiled-coil domain-containing protein 1 isoform X1  >ref|XP_039908756.1| FYVE and coiled-coil domain-containing protein 1 isoform X1  >ref|XP_039908757.1| FYVE and coiled-coil domain-containing protein 1 isoform X1  >ref|XP_039908758.1| FYVE and coiled-coil domain-containing protein 1 isoform X1 
XP_004555087,FYVE and coiled-coil domain-containing protein 1  >ref|XP_004555089.1| FYVE and coiled-coil domain-containing protein 1  >ref|XP_023009346.1| FYVE and coiled-coil domain-containing protein 1  >ref|XP_023009347.1| FYVE and coiled-coil domain-containing protein 1 
XP_042072126,FYVE and coiled-coil domain-containing protein 1 isoform X1 
XP_026015713,FYVE and coiled-coil domain-containing protein 1-like isoform X2 
XP_026015712,FYVE and coiled-coil domain-containing protein 1-like isoform X1 
XP_024246840,apolipoprotein C-I 
AMJ50238,apolipoprotein C-I  >gb|AMJ50239.1| apolipoprotein C-I 
XP_061453871,apolipoprotein A-IV-like 
XP_042345184,apolipoprotein A-I-like 
XP_048044039,apolipoprotein A-I 
XP_055055768,apolipoprotein A-I 
XP_007461913,PREDICTED: apolipoprotein A-I 
XP_036718614,apolipoprotein A-I 
XP_022414830,apolipoprotein A-I  >ref|XP_029065336.1| apolipoprotein A-I 
KAJ8780098,hypothetical protein J1605_011893 
XP_059960636,apolipoprotein A-I 
MBW04313,Apolipoprotein A-I 
XP_007196619,apolipoprotein A-I  >sp|P0DMA6.1| RecName: Full=Apolipoprotein A-I; Short=Apo-AI; Short=ApoA-I; AltName: Full=Apolipoprotein A1; Contains: RecName: Full=Proapolipoprotein A-I; Short=ProapoA-I; Contains: RecName: Full=Truncated apolipoprotein A-I; Flags: Precursor 
XP_030691096,apolipoprotein A-I 
XP_058926176,apolipoprotein A-I 
XP_004273413,apolipoprotein A-I  >gb|TEA29521.1| hypothetical protein DBR06_SOUSAS510080 
XP_026937662,apolipoprotein A-I 
XP_053222277,apolipoprotein A-I 
XP_033027503,apolipoprotein A-I 
KAG7457709,hypothetical protein MATL_G00229980 
NXQ56266,APOA4 protein 
NXB38799,APOA4 protein 
NWW34336,APOA4 protein 
NXB14992,APOA4 protein 
XP_031989669,apolipoprotein A-IV  >ref|XP_031989670.1| apolipoprotein A-IV  >ref|XP_039420871.1| apolipoprotein A-IV  >ref|XP_039420872.1| apolipoprotein A-IV 
XP_039941168,apolipoprotein A-IV 
XP_041890065,apolipoprotein A-IV 
XP_056399276,apolipoprotein A-IV-like 
XP_030146657,apolipoprotein A-IV 
RMB91943,hypothetical protein DUI87_31471 
KAB0396154,"hypothetical protein E2I00_013067, partial "
KAF6272550,hypothetical protein mPipKuh1_000843 
XP_049327933,golgin subfamily A member 6-like protein 7 isoform X1 
XP_051948277,apolipoprotein Eb-like 
TKC38668,hypothetical protein EI555_002629 
XP_060035675,mastermind-like protein 2 isoform X2 
XP_060035675,mastermind-like protein 2 isoform X2 
XP_060035673,mastermind-like protein 2 isoform X1 
XP_060035673,mastermind-like protein 2 isoform X1 
XP_060474125,uveal autoantigen with coiled-coil domains and ankyrin repeats isoform X4 
XP_030173657,uveal autoantigen with coiled-coil domains and ankyrin repeats isoform X2 
NWV63887,CGNL1 protein 
ACI15894,apolipoprotein C-I 
XP_032449502,uveal autoantigen with coiled-coil domains and ankyrin repeats isoform X1 
XP_043409961,uveal autoantigen with coiled-coil domains and ankyrin repeats isoform X3 
XP_060474124,uveal autoantigen with coiled-coil domains and ankyrin repeats isoform X3 
XP_040349061,uveal autoantigen with coiled-coil domains and ankyrin repeats isoform X3 
XP_058593196,uveal autoantigen with coiled-coil domains and ankyrin repeats isoform X3 
XP_049469772,uveal autoantigen with coiled-coil domains and ankyrin repeats isoform X2 
XP_042797470,uveal autoantigen with coiled-coil domains and ankyrin repeats isoform X2 
XP_047718607,uveal autoantigen with coiled-coil domains and ankyrin repeats isoform X2 
XP_025774614,uveal autoantigen with coiled-coil domains and ankyrin repeats isoform X2 
XP_046930391,uveal autoantigen with coiled-coil domains and ankyrin repeats isoform X2 
XP_019297162,uveal autoantigen with coiled-coil domains and ankyrin repeats isoform X2 
XP_060474123,uveal autoantigen with coiled-coil domains and ankyrin repeats isoform X2 
XP_040349060,uveal autoantigen with coiled-coil domains and ankyrin repeats isoform X2 
XP_007084619,uveal autoantigen with coiled-coil domains and ankyrin repeats isoform X2 
XP_058593195,uveal autoantigen with coiled-coil domains and ankyrin repeats isoform X2 
XP_043409960,uveal autoantigen with coiled-coil domains and ankyrin repeats isoform X2 
XP_047718606,uveal autoantigen with coiled-coil domains and ankyrin repeats isoform X1 
XP_040349059,uveal autoantigen with coiled-coil domains and ankyrin repeats isoform X1 
XP_025774613,uveal autoantigen with coiled-coil domains and ankyrin repeats isoform X1 
XP_060474122,uveal autoantigen with coiled-coil domains and ankyrin repeats isoform X1 
XP_042844428,uveal autoantigen with coiled-coil domains and ankyrin repeats isoform X1 
XP_043409959,uveal autoantigen with coiled-coil domains and ankyrin repeats isoform X1 
XP_046930390,uveal autoantigen with coiled-coil domains and ankyrin repeats isoform X1 
XP_049469771,uveal autoantigen with coiled-coil domains and ankyrin repeats isoform X1 
XP_058593193,uveal autoantigen with coiled-coil domains and ankyrin repeats isoform X1 
XP_019297161,uveal autoantigen with coiled-coil domains and ankyrin repeats isoform X1 
XP_042797469,uveal autoantigen with coiled-coil domains and ankyrin repeats isoform X1 
KAG8452374,hypothetical protein GDO86_004250 
XP_036393859,apolipoprotein C-I 
XP_020360175,apolipoprotein C-I 
KAF6272554,hypothetical protein mPipKuh1_000843 
XP_062846081,apolipoprotein A-IV a 
KAF6272553,hypothetical protein mPipKuh1_000843 
XP_034024651,apolipoprotein A-I-like 
KAH0631634,hypothetical protein JD844_006070 
BAK09328,apolipoprotein IA-I10 
XP_014876005,PREDICTED: apolipoprotein A-I-like 
XP_054903311,apolipoprotein A-I-like 
XP_058250302,apolipoprotein A-I-like  >gb|KAG7335729.1| hypothetical protein KOW79_000422 
AWP21467,putative apolipoprotein A-IV-like 
ACI15890,apolipoprotein-A-I-2 
XP_053176903,apolipoprotein A-I-like 
AFM86408,apolipoprotein E 
XP_051233621,uncharacterized protein LOC127350758 
KAI9535681,hypothetical protein NQZ68_042281 
XP_035476767,apolipoprotein A-IV a 
XP_020649396,apolipoprotein A-I 
XP_047217777,apolipoprotein A-I-like 
XP_036284605,apolipoprotein E  >ref|XP_045434162.1| apolipoprotein E  >gb|KAF6272558.1| hypothetical protein mPipKuh1_000843 
KAF6272552,hypothetical protein mPipKuh1_000843 
NXA89264,APOA4 protein 
NXM38291,APOA4 protein 
XP_013815598,PREDICTED: polyamine-modulated factor 1-binding protein 1 
XP_032122441,zinc finger protein 853 isoform X3 
XP_032122440,zinc finger protein 853 isoform X2 
XP_032122439,zinc finger protein 853 isoform X1 
XP_029331862,epidermal growth factor receptor substrate 15 isoform X3 
XP_029395508,epidermal growth factor receptor substrate 15 isoform X3 
XP_039579841,transforming acidic coiled-coil-containing protein 3 isoform X2 
XP_029331861,epidermal growth factor receptor substrate 15 isoform X2 
XP_021016279,epidermal growth factor receptor substrate 15 isoform X1 
XP_021055283,epidermal growth factor receptor substrate 15 isoform X2 
XP_039579840,transforming acidic coiled-coil-containing protein 3 isoform X1 
XP_029442424,cell cycle and apoptosis regulator protein 2-like  >ref|XP_029442425.1| cell cycle and apoptosis regulator protein 2-like  >ref|XP_029442426.1| cell cycle and apoptosis regulator protein 2-like  >ref|XP_029459642.1| cell cycle and apoptosis regulator protein 2  >ref|XP_029459643.1| cell cycle and apoptosis regulator protein 2  >ref|XP_029459645.1| cell cycle and apoptosis regulator protein 2 
XP_029395507,epidermal growth factor receptor substrate 15 isoform X1 
XP_049581731,epidermal growth factor receptor substrate 15 isoform X1 
NXU87855,TMF1 factor 
XP_053182894,apolipoprotein C-I 
XP_049581735,epidermal growth factor receptor substrate 15 isoform X3 
XP_049581734,epidermal growth factor receptor substrate 15 isoform X2 
CAJ1083421,type-4 ice-structuring protein-like 
XP_045305199,uveal autoantigen with coiled-coil domains and ankyrin repeats isoform X3 
XP_045305198,uveal autoantigen with coiled-coil domains and ankyrin repeats isoform X2 
XP_045305197,uveal autoantigen with coiled-coil domains and ankyrin repeats isoform X1 
KAK5870171,hypothetical protein PBY51_024827 
XP_055766456,interferon-induced very large GTPase 1-like 
XP_058602057,apolipoprotein C-I 
XP_050986758,apolipoprotein C-I  >ref|XP_050986759.1| apolipoprotein C-I 
AHM88282,apolipoprotein C Ib 
MBN3313757,APOC1 protein 
KAG5856206,hypothetical protein ANANG_G00005580 
XP_035278735,apolipoprotein A-IV-like 
XP_017325898,apolipoprotein A-I 
XP_053486006,"apolipoprotein A-IV b, tandem duplicate 3 "
XP_034153668,apolipoprotein A-I 
KAK3551852,hypothetical protein QTP70_030225  >gb|KAK3572248.1| hypothetical protein QTP86_029408 
XP_035278702,apolipoprotein A-IV-like 
KAB5587148,hypothetical protein PHYPO_G00009560 
XP_060726804,apolipoprotein A-I-like 
XP_060726799,apolipoprotein A-IV-like 
XP_060726803,apolipoprotein A-IV-like 
XP_035278677,apolipoprotein A-IV-like 
XP_057903177,apolipoprotein Ea isoform X2  >ref|XP_057903178.1| apolipoprotein Ea isoform X2  >ref|XP_057903179.1| apolipoprotein Ea isoform X2  >ref|XP_057903180.1| apolipoprotein Ea isoform X2 
XP_042270493,apolipoprotein A-I-like 
XP_020039910,apolipoprotein A-I  >sp|P0DTU5.1| RecName: Full=Apolipoprotein A-I; Short=Apo-AI; Short=ApoA-I; AltName: Full=Apolipoprotein A1; Contains: RecName: Full=Proapolipoprotein A-I; Short=ProapoA-I; Contains: RecName: Full=Truncated apolipoprotein A-I; Flags: Precursor 
XP_017286149,apolipoprotein A-Ib 
XP_061919928,apolipoprotein Eb 
XP_033976481,apolipoprotein Eb 
XP_062816985,apolipoprotein A-I 
XP_029959175,apolipoprotein Eb-like 
XP_057903176,apolipoprotein Ea isoform X1 
KAG5856212,hypothetical protein ANANG_G00005640 
NWT58691,APOA4 protein 
NXJ22097,APOA4 protein 
NXB59604,APOA4 protein 
NXH29452,APOA4 protein 
NXF72219,APOA4 protein 
NP_001088004,apolipoprotein A4 L homeolog precursor  >gb|AAH84126.1| LOC494693 protein  >gb|OCT72485.1| hypothetical protein XELAEV_18035465mg 
XP_004666471,apolipoprotein A-IV 
XP_005347315,apolipoprotein A-IV  >gb|KAH0519604.1| Apolipoprotein A-IV 
XP_050012327,apolipoprotein A-IV 
XP_030399901,zinc finger protein RFP-like isoform X4 
XP_028722331,apolipoprotein A-IV 
XP_007605980,"guanylate-binding protein 1 isoform X1, partial "
XP_050777254,E3 ubiquitin-protein ligase TRIM39-like isoform X4 
XP_050777253,E3 ubiquitin-protein ligase TRIM39-like isoform X3 
XP_050777252,zinc finger protein RFP-like isoform X2 
XP_030399899,zinc finger protein RFP-like isoform X2 
OBS60535,"hypothetical protein A6R68_08342, partial "
XP_030399898,zinc finger protein RFP-like isoform X1 
XP_050777251,zinc finger protein RFP-like isoform X1 
XP_034053575,LOW QUALITY PROTEIN: structural maintenance of chromosomes protein 6-like 
XP_048309327,epidermal growth factor receptor substrate 15-like 
XP_014651089,"PREDICTED: zinc finger protein 853, partial "
XP_058425315,zinc finger protein 853  >ref|XP_058425316.1| zinc finger protein 853 
KAF5918273,hypothetical protein HPG69_002915 
XP_030788069,zinc finger protein 853 isoform X2 
XP_030788068,zinc finger protein 853 isoform X1 
XP_036683177,zinc finger protein 853 isoform X2 
XP_036683176,zinc finger protein 853 isoform X1 
XP_017720242,PREDICTED: zinc finger protein 853 
XP_013203996,epidermal growth factor receptor substrate 15 isoform X3 
XP_041507609,epidermal growth factor receptor substrate 15 isoform X3 
XP_031234024,epidermal growth factor receptor substrate 15 isoform X3 
XP_005353631,epidermal growth factor receptor substrate 15 isoform X2 
XP_041507608,epidermal growth factor receptor substrate 15 isoform X2 
XP_031234023,epidermal growth factor receptor substrate 15 isoform X2 
XP_013203995,epidermal growth factor receptor substrate 15 isoform X1 
XP_041507607,epidermal growth factor receptor substrate 15 isoform X1 
XP_031234022,epidermal growth factor receptor substrate 15 isoform X1 
KAH0519785,Epidermal growth factor receptor substrate 15 
XP_030001953,hyaluronan mediated motility receptor isoform X3 
XP_030001952,hyaluronan mediated motility receptor isoform X2 
XP_030001951,hyaluronan mediated motility receptor isoform X1 
XP_008406110,PREDICTED: epidermal growth factor receptor substrate 15 isoform X6 
XP_008406109,PREDICTED: epidermal growth factor receptor substrate 15 isoform X5 
XP_008406108,PREDICTED: epidermal growth factor receptor substrate 15 isoform X4 
XP_008406105,PREDICTED: epidermal growth factor receptor substrate 15 isoform X2 
XP_008406104,PREDICTED: epidermal growth factor receptor substrate 15 isoform X1 
TSN67096,ELM2 and SANT domain-containing protein 1 
NWH30370,CGNL1 protein 
XP_061435657,"ataxin-8-like, partial "
VFV41588,uveal autoantigen with coiled-coil 
XP_006800522,FYVE and coiled-coil domain-containing protein 1  >ref|XP_006800523.1| FYVE and coiled-coil domain-containing protein 1  >ref|XP_006800524.1| FYVE and coiled-coil domain-containing protein 1  >ref|XP_035767793.1| FYVE and coiled-coil domain-containing protein 1 
XP_026200156,FYVE and coiled-coil domain-containing protein 1  >ref|XP_026200160.1| FYVE and coiled-coil domain-containing protein 1  >ref|XP_026200161.1| FYVE and coiled-coil domain-containing protein 1  >ref|XP_026200162.1| FYVE and coiled-coil domain-containing protein 1 
CAJ1083420,type-4 ice-structuring protein LS-12-like 
XP_037549093,plectin 
XP_053312005,histone-lysine N-methyltransferase 2D 
XP_041440687,histone-lysine N-methyltransferase 2D 
XP_018931191,"apolipoprotein C-I  >gb|AMY62079.1| apolipoprotein C-I, partial "
XP_016376177,PREDICTED: apolipoprotein C-I-like 
